type,size,duration
wait_t,1,3.797e-06
wait_t,1,9.12e-07
wait_t,1,4.51e-07
wait_t,1,2e-07
mata_t,133,6e-08
data_t,10240,1.713e-06
mata_t,132,2.8e-07
data_t,10240,3.41e-07
mata_t,133,1e-07
data_t,10240,1.6e-07
mata_t,132,1.4e-07
data_t,10240,1.5e-07
wait_t,1,3.877e-06
wait_t,1,1.824e-06
wait_t,1,2.71e-07
wait_t,1,2.5e-07
mata_t,132,7e-08
data_t,10240,3e-07
mata_t,132,8e-08
data_t,10240,9e-08
mata_t,131,5.1e-08
data_t,10240,7e-08
mata_t,132,4.1e-08
data_t,10240,1.4e-07
wait_t,1,5.04e-06
wait_t,1,6.52e-07
wait_t,1,2.21e-07
wait_t,1,6.31e-07
mata_t,132,1e-07
data_t,10240,4.51e-07
mata_t,132,1.1e-07
data_t,10240,7e-08
mata_t,133,7e-08
data_t,10240,2.3e-07
mata_t,133,6e-08
data_t,10240,6e-08
wait_t,1,5.249e-06
wait_t,1,3.81e-07
wait_t,1,2.3e-07
wait_t,1,6.51e-07
mata_t,133,7e-08
data_t,10240,3.9e-07
mata_t,134,8e-08
data_t,10240,7.1e-08
mata_t,134,7e-08
data_t,10240,5e-08
mata_t,134,1.4e-07
data_t,10240,5.1e-08
wait_t,1,5.38e-06
wait_t,1,9.62e-07
wait_t,1,2.8e-07
wait_t,1,2.01e-07
mata_t,133,7e-08
data_t,10240,5.31e-07
mata_t,133,9.1e-08
data_t,10240,6e-08
mata_t,134,4e-08
data_t,10240,6e-08
mata_t,133,5e-08
data_t,10240,1.3e-07
wait_t,1,3.116e-06
wait_t,1,3.41e-07
wait_t,1,2.31e-07
wait_t,1,5.51e-07
mata_t,133,1.1e-07
data_t,10240,2.31e-07
mata_t,133,1.2e-07
data_t,10240,7e-08
mata_t,133,5e-08
data_t,10240,1.5e-07
mata_t,133,5e-08
data_t,10240,1.41e-07
wait_t,1,5.039e-06
wait_t,1,2.6e-07
wait_t,1,2.61e-07
wait_t,1,2.61e-07
mata_t,133,6e-08
data_t,10240,4.21e-07
mata_t,133,1e-07
data_t,10240,5.11e-07
mata_t,133,5e-08
data_t,10240,6e-08
mata_t,134,5e-08
data_t,10240,1.41e-07
wait_t,1,4.929e-06
wait_t,1,6.92e-07
wait_t,1,2.8e-07
wait_t,1,1.5e-07
mata_t,133,6e-08
data_t,10240,4.31e-07
mata_t,133,1.71e-07
data_t,10240,8e-08
mata_t,134,4e-08
data_t,10240,4.51e-07
mata_t,134,5e-08
data_t,10240,5e-08
wait_t,1,5.33e-06
wait_t,1,5.51e-07
wait_t,1,1.5e-07
wait_t,1,5.41e-07
mata_t,133,7e-08
data_t,10240,3.81e-07
mata_t,133,1e-07
data_t,10240,2.21e-07
mata_t,133,5e-08
data_t,10240,7e-08
mata_t,133,5.1e-08
data_t,10240,1.4e-07
wait_t,1,3.116e-06
wait_t,1,3.41e-07
wait_t,1,2.6e-07
wait_t,1,1.5e-07
mata_t,132,6e-08
data_t,10240,1.9e-07
mata_t,133,8e-08
data_t,10240,2.3e-07
mata_t,132,5e-08
data_t,10240,1.3e-07
mata_t,133,6e-08
data_t,10240,1.3e-07
wait_t,1,5.24e-06
wait_t,1,8.01e-07
wait_t,1,1.7e-07
wait_t,1,1.4e-07
mata_t,132,7.1e-08
data_t,10240,3.8e-07
mata_t,133,9e-08
data_t,10240,9e-08
mata_t,133,6e-08
data_t,10240,6e-08
mata_t,134,9e-08
data_t,10240,1.3e-07
wait_t,1,5.24e-06
wait_t,1,3.21e-07
wait_t,1,2.21e-07
wait_t,1,9.52e-07
mata_t,133,8e-08
data_t,10240,3.91e-07
mata_t,132,7e-08
data_t,10240,7e-08
mata_t,133,6e-08
data_t,10240,6e-08
mata_t,134,6e-08
data_t,10240,3.5e-07
wait_t,1,5.59e-06
wait_t,1,4.01e-07
wait_t,1,1.7e-07
wait_t,1,2.9e-07
mata_t,133,7e-08
data_t,10240,5.21e-07
mata_t,133,9.1e-08
data_t,10240,7e-08
mata_t,134,6e-08
data_t,10240,5e-08
mata_t,133,5e-08
data_t,10240,5e-08
wait_t,1,3.557e-06
wait_t,1,1.042e-06
wait_t,1,3.01e-07
wait_t,1,1.5e-07
mata_t,133,9e-08
data_t,10240,2.51e-07
mata_t,133,1.6e-07
data_t,10240,8e-08
mata_t,133,6e-08
data_t,10240,7e-08
mata_t,133,8e-08
data_t,10240,6e-08
wait_t,1,5.28e-06
wait_t,1,3.41e-07
wait_t,1,1.51e-07
wait_t,1,1.022e-06
mata_t,133,7e-08
data_t,10240,5.31e-07
mata_t,133,9e-08
data_t,10240,7e-08
mata_t,133,6e-08
data_t,10240,7e-08
mata_t,134,5e-08
data_t,10240,1.3e-07
wait_t,1,5.16e-06
wait_t,1,2.7e-07
wait_t,1,2e-07
wait_t,1,3.9e-07
mata_t,134,7e-08
data_t,10240,3.9e-07
mata_t,133,8e-08
data_t,10240,8e-08
mata_t,133,6e-08
data_t,10240,6e-08
mata_t,133,6e-08
data_t,10240,1.3e-07
wait_t,1,5.27e-06
wait_t,1,9.62e-07
wait_t,1,3.21e-07
wait_t,1,2.11e-07
mata_t,133,7e-08
data_t,10240,5.41e-07
mata_t,131,9e-08
data_t,10240,7e-08
mata_t,134,6.1e-08
data_t,10240,6e-08
mata_t,133,6e-08
data_t,10240,1.3e-07
wait_t,1,3.016e-06
wait_t,1,3.4e-07
wait_t,1,4.11e-07
wait_t,1,6.01e-07
mata_t,133,7e-08
data_t,10240,2.4e-07
mata_t,133,9e-08
data_t,10240,2.41e-07
mata_t,133,5e-08
data_t,10240,1.31e-07
mata_t,133,9e-08
data_t,10240,5e-08
wait_t,1,5.501e-06
wait_t,1,3.1e-07
wait_t,1,2.2e-07
wait_t,1,1.9e-07
mata_t,130,7e-08
data_t,10240,5.21e-07
mata_t,133,8e-08
data_t,10240,2.31e-07
mata_t,133,6e-08
data_t,10240,5.1e-08
mata_t,134,5e-08
data_t,10240,5e-08
wait_t,1,5.511e-06
wait_t,1,1.001e-06
wait_t,1,2.2e-07
wait_t,1,2.9e-07
mata_t,134,8e-08
data_t,10240,3.9e-07
mata_t,134,1.2e-07
data_t,10240,2.5e-07
mata_t,133,5e-08
data_t,10240,1.5e-07
mata_t,133,6e-08
data_t,10240,1.4e-07
wait_t,1,5.069e-06
wait_t,1,2.91e-07
wait_t,1,1.71e-07
wait_t,1,7.51e-07
mata_t,133,7.1e-08
data_t,10240,3.8e-07
mata_t,133,8e-08
data_t,10240,2.5e-07
mata_t,134,5e-08
data_t,10240,7.1e-08
mata_t,132,5e-08
data_t,10240,6e-08
wait_t,1,3.116e-06
wait_t,1,3.71e-07
wait_t,1,2.4e-07
wait_t,1,1.4e-07
mata_t,132,7e-08
data_t,10240,3.61e-07
mata_t,133,9e-08
data_t,10240,2.41e-07
mata_t,133,5e-08
data_t,10240,5e-08
mata_t,133,7.1e-08
data_t,10240,6e-08
wait_t,1,4.969e-06
wait_t,1,8.01e-07
wait_t,1,3.2e-07
wait_t,1,5.01e-07
mata_t,132,7e-08
data_t,10240,5.21e-07
mata_t,133,8e-08
data_t,10240,7e-08
mata_t,133,6e-08
data_t,10240,1.3e-07
mata_t,133,6e-08
data_t,10240,5e-08
wait_t,1,5.11e-06
wait_t,1,4.61e-07
wait_t,1,1.6e-07
wait_t,1,6.72e-07
mata_t,133,6e-08
data_t,10240,5.31e-07
mata_t,134,8.1e-08
data_t,10240,2.3e-07
mata_t,134,7e-08
data_t,10240,7.1e-08
mata_t,133,6e-08
data_t,10240,1.4e-07
wait_t,1,5.17e-06
wait_t,1,3.01e-07
wait_t,1,1.8e-07
wait_t,1,2.01e-07
mata_t,133,7e-08
data_t,10240,3.71e-07
mata_t,134,8e-08
data_t,10240,1.4e-07
mata_t,133,7e-08
data_t,10240,5e-08
mata_t,134,6e-08
data_t,10240,6e-08
wait_t,1,3.627e-06
wait_t,1,8.12e-07
wait_t,1,2.8e-07
wait_t,1,2e-07
mata_t,134,7e-08
data_t,10240,4.21e-07
mata_t,134,8e-08
data_t,10240,6e-08
mata_t,134,5e-08
data_t,10240,6e-08
mata_t,134,8.1e-08
data_t,10240,6e-08
wait_t,1,4.919e-06
wait_t,1,3.21e-07
wait_t,1,1.7e-07
wait_t,1,5.11e-06
mata_t,134,7e-08
data_t,10240,5.11e-07
mata_t,134,1.1e-07
data_t,10240,8e-08
mata_t,134,6e-08
data_t,10240,1.3e-07
mata_t,134,5e-08
data_t,10240,5e-08
wait_t,1,5.671e-06
wait_t,1,1.9e-07
wait_t,1,2.3e-07
wait_t,1,1.9e-07
mata_t,134,6e-08
data_t,10240,5.41e-07
mata_t,135,9.1e-08
data_t,10240,2.31e-07
mata_t,135,5e-08
data_t,10240,1.41e-07
mata_t,135,5e-08
data_t,10240,5e-08
wait_t,1,4.739e-06
wait_t,1,7.82e-07
wait_t,1,2.31e-07
wait_t,1,1.4e-07
mata_t,134,6e-08
data_t,10240,3.81e-07
mata_t,135,1.21e-07
data_t,10240,1.4e-07
mata_t,134,5e-08
data_t,10240,5e-08
mata_t,134,6.1e-08
data_t,10240,1.3e-07
wait_t,1,3.456e-06
wait_t,1,3.5e-07
wait_t,1,2.4e-07
wait_t,1,6.61e-07
mata_t,134,7e-08
data_t,10240,3.41e-07
mata_t,134,9e-08
data_t,10240,2.41e-07
mata_t,134,6e-08
data_t,10240,1.4e-07
mata_t,134,6e-08
data_t,10240,5e-08
wait_t,1,4.829e-06
wait_t,1,3.11e-07
wait_t,1,1.71e-07
wait_t,1,2.61e-07
mata_t,134,8e-08
data_t,10240,3.8e-07
mata_t,134,1e-07
data_t,10240,1.7e-07
mata_t,134,6e-08
data_t,10240,6.1e-08
mata_t,134,7e-08
data_t,10240,5e-08
wait_t,1,4.799e-06
wait_t,1,9.01e-07
wait_t,1,2.11e-07
wait_t,1,1.9e-07
mata_t,134,7e-08
data_t,10240,5.21e-07
mata_t,134,4.51e-07
data_t,10240,7e-08
mata_t,135,5.1e-08
data_t,10240,1.31e-07
mata_t,135,5e-08
data_t,10240,5e-08
wait_t,1,5.05e-06
wait_t,1,6.11e-07
wait_t,1,1.61e-07
wait_t,1,6.61e-07
mata_t,134,8e-08
data_t,10240,5.31e-07
mata_t,134,9e-08
data_t,10240,7e-08
mata_t,135,3.1e-07
data_t,10240,6e-08
mata_t,133,7e-08
data_t,10240,5e-08
wait_t,1,3.256e-06
wait_t,1,6.31e-07
wait_t,1,3.3e-07
wait_t,1,3.31e-07
mata_t,134,6e-08
data_t,10240,3.81e-07
mata_t,134,1e-07
data_t,10240,7e-08
mata_t,133,6e-08
data_t,10240,5e-08
mata_t,134,5e-08
data_t,10240,5e-08
wait_t,1,5.01e-06
wait_t,1,9.62e-07
wait_t,1,1.6e-07
wait_t,1,1.6e-07
mata_t,133,7e-08
data_t,10240,3.81e-07
mata_t,134,1e-07
data_t,10240,8e-08
mata_t,134,5e-08
data_t,10240,7e-08
mata_t,135,6e-08
data_t,10240,1.4e-07
wait_t,1,5.56e-06
wait_t,1,3.01e-07
wait_t,1,1.6e-07
wait_t,1,6.61e-07
mata_t,135,7e-08
data_t,10240,5.42e-07
mata_t,134,9e-08
data_t,10240,6e-08
mata_t,134,6e-08
data_t,10240,7e-08
mata_t,135,5.1e-08
data_t,10240,5e-08
wait_t,1,5.19e-06
wait_t,1,2.2e-07
wait_t,1,2.5e-07
wait_t,1,2.6e-07
mata_t,133,6e-08
data_t,10240,5.31e-07
mata_t,135,1.6e-07
data_t,10240,8e-08
mata_t,133,5e-08
data_t,10240,6e-08
mata_t,134,6e-08
data_t,10240,1.3e-07
wait_t,1,3.447e-06
wait_t,1,1.112e-06
wait_t,1,2.51e-07
wait_t,1,2e-07
mata_t,134,1e-07
data_t,10240,1.91e-07
mata_t,134,1e-07
data_t,10240,7e-08
mata_t,133,5e-08
data_t,10240,6e-08
mata_t,134,8e-08
data_t,10240,7e-08
wait_t,1,5.511e-06
wait_t,1,3.1e-07
wait_t,1,1.51e-07
wait_t,1,7.92e-07
mata_t,134,6e-08
data_t,10240,3.71e-07
mata_t,134,1e-07
data_t,10240,2.4e-07
mata_t,134,5e-08
data_t,10240,6e-08
mata_t,135,5.1e-08
data_t,10240,7e-08
wait_t,1,5.28e-06
wait_t,1,2.71e-07
wait_t,1,1.7e-07
wait_t,1,2.81e-07
mata_t,135,7e-08
data_t,10240,3.91e-07
mata_t,135,9e-08
data_t,10240,8e-08
mata_t,134,6e-08
data_t,10240,1.3e-07
mata_t,134,4e-08
data_t,10240,5e-08
wait_t,1,5.25e-06
wait_t,1,7.62e-07
wait_t,1,6.11e-07
wait_t,1,1.9e-07
mata_t,133,6e-08
data_t,10240,5.31e-07
mata_t,135,8e-08
data_t,10240,6e-08
mata_t,134,5.1e-08
data_t,10240,6e-08
mata_t,134,5e-08
data_t,10240,1.31e-07
wait_t,1,3.356e-06
wait_t,1,3.81e-07
wait_t,1,2.4e-07
wait_t,1,6.41e-07
mata_t,133,7e-08
data_t,10240,2.81e-07
mata_t,133,7e-08
data_t,10240,2.31e-07
mata_t,134,5e-08
data_t,10240,1.41e-07
mata_t,134,1.11e-07
data_t,10240,6e-08
wait_t,1,5.12e-06
wait_t,1,2.4e-07
wait_t,1,2.7e-07
wait_t,1,2.01e-07
mata_t,134,8.1e-08
data_t,10240,3.71e-07
mata_t,134,9e-08
data_t,10240,1.8e-07
mata_t,133,5e-08
data_t,10240,7e-08
mata_t,134,7e-08
data_t,10240,3.1e-07
wait_t,1,5.209e-06
wait_t,1,7.31e-07
wait_t,1,2.2e-07
wait_t,1,1.61e-07
mata_t,135,7e-08
data_t,10240,3.91e-07
mata_t,135,1.01e-07
data_t,10240,7e-08
mata_t,134,8e-08
data_t,10240,6e-08
mata_t,134,1.2e-07
data_t,10240,1.3e-07
wait_t,1,5.08e-06
wait_t,1,4.31e-07
wait_t,1,2e-07
wait_t,1,1.082e-06
mata_t,135,6e-08
data_t,10240,3.81e-07
mata_t,135,9.1e-08
data_t,10240,7.1e-08
mata_t,135,5e-08
data_t,10240,1.9e-07
mata_t,134,4e-08
data_t,10240,5e-08
wait_t,1,3.476e-06
wait_t,1,3.51e-07
wait_t,1,2.21e-07
wait_t,1,2e-07
mata_t,134,7e-08
data_t,10240,2.11e-07
mata_t,134,5e-08
data_t,10240,6e-08
mata_t,133,5e-08
data_t,10240,6e-08
mata_t,134,5e-08
data_t,10240,1.4e-07
wait_t,1,4.749e-06
wait_t,1,8.92e-07
wait_t,1,1.61e-07
wait_t,1,1.71e-07
mata_t,133,7e-08
data_t,10240,3.81e-07
mata_t,134,9.1e-08
data_t,10240,8e-08
mata_t,134,8e-08
data_t,10240,1.4e-07
mata_t,134,5e-08
data_t,10240,5e-08
wait_t,1,5.27e-06
wait_t,1,3.11e-07
wait_t,1,2.2e-07
wait_t,1,7.32e-07
mata_t,134,7.1e-08
data_t,10240,4.11e-07
mata_t,135,1e-07
data_t,10240,8e-08
mata_t,135,8e-08
data_t,10240,6e-08
mata_t,135,6e-08
data_t,10240,1.51e-07
wait_t,1,5.3e-06
wait_t,1,5.41e-07
wait_t,1,6.01e-07
wait_t,1,5.71e-07
mata_t,135,7e-08
data_t,10240,5.41e-07
mata_t,134,9.1e-08
data_t,10240,7e-08
mata_t,135,6e-08
data_t,10240,5e-08
mata_t,134,6e-08
data_t,10240,1.4e-07
wait_t,1,3.557e-06
wait_t,1,8.21e-07
wait_t,1,2.9e-07
wait_t,1,2.7e-07
mata_t,134,6e-08
data_t,10240,2.7e-07
mata_t,133,1.11e-07
data_t,10240,2.31e-07
mata_t,134,8e-08
data_t,10240,5e-08
mata_t,134,7e-08
data_t,10240,2.7e-07
wait_t,1,5.19e-06
wait_t,1,4.31e-07
wait_t,1,2.41e-07
wait_t,1,1.203e-06
mata_t,134,6e-08
data_t,10240,5.41e-07
mata_t,134,9e-08
data_t,10240,2.5e-07
mata_t,133,5e-08
data_t,10240,6e-08
mata_t,135,6e-08
data_t,10240,6e-08
wait_t,1,5.21e-06
wait_t,1,2.8e-07
wait_t,1,8.91e-07
wait_t,1,1.7e-07
mata_t,134,6e-08
data_t,10240,5.81e-07
mata_t,134,8e-08
data_t,10240,5e-08
mata_t,135,7e-08
data_t,10240,2.3e-07
mata_t,135,6.1e-08
data_t,10240,1.4e-07
wait_t,1,4.909e-06
wait_t,1,8.82e-07
wait_t,1,2.7e-07
wait_t,1,4.01e-07
mata_t,134,8e-08
data_t,10240,3.8e-07
mata_t,135,1e-07
data_t,10240,2.41e-07
mata_t,134,5e-08
data_t,10240,1.4e-07
mata_t,134,5e-08
data_t,10240,7.1e-08
wait_t,1,3.326e-06
wait_t,1,3.01e-07
wait_t,1,2.3e-07
wait_t,1,6.91e-07
mata_t,134,6e-08
data_t,10240,6.82e-07
mata_t,133,8e-08
data_t,10240,2.5e-07
mata_t,134,5e-08
data_t,10240,1.31e-07
mata_t,134,4e-08
data_t,10240,5e-08
wait_t,1,5.691e-06
wait_t,1,3.51e-07
wait_t,1,1.71e-07
wait_t,1,2.01e-07
mata_t,133,6e-08
data_t,10240,4.61e-07
mata_t,134,1e-07
data_t,10240,6e-08
mata_t,133,6e-08
data_t,10240,1.3e-07
mata_t,135,5e-08
data_t,10240,1.41e-07
wait_t,1,5.2e-06
wait_t,1,8.21e-07
wait_t,1,1.91e-07
wait_t,1,2e-07
mata_t,134,7e-08
data_t,10240,5.21e-07
mata_t,134,9.1e-08
data_t,10240,2.4e-07
mata_t,134,5e-08
data_t,10240,6e-08
mata_t,135,8e-08
data_t,10240,6e-08
wait_t,1,5.43e-06
wait_t,1,2.51e-07
wait_t,1,2.5e-07
wait_t,1,7.81e-07
mata_t,134,7e-08
data_t,10240,3.8e-07
mata_t,135,9e-08
data_t,10240,7e-08
mata_t,134,5e-08
data_t,10240,5.71e-07
mata_t,134,6e-08
data_t,10240,6e-08
wait_t,1,3.376e-06
wait_t,1,3.1e-07
wait_t,1,2.01e-07
wait_t,1,1.51e-07
mata_t,134,6.1e-08
data_t,10240,6.11e-07
mata_t,134,5.1e-08
data_t,10240,6e-08
mata_t,133,5e-08
data_t,10240,5e-08
mata_t,134,8e-08
data_t,10240,5e-08
wait_t,1,5.31e-06
wait_t,1,7.51e-07
wait_t,1,2.2e-07
wait_t,1,2.1e-07
mata_t,134,7e-08
data_t,10240,6.51e-07
mata_t,134,9e-08
data_t,10240,7e-08
mata_t,134,5e-08
data_t,10240,1.4e-07
mata_t,135,5e-08
data_t,10240,1.4e-07
wait_t,1,5.019e-06
wait_t,1,2.51e-07
wait_t,1,1.9e-07
wait_t,1,8.51e-07
mata_t,135,7e-08
data_t,10240,3.9e-07
mata_t,134,1.11e-07
data_t,10240,7e-08
mata_t,134,4e-08
data_t,10240,5e-08
mata_t,132,7e-08
data_t,10240,6e-08
wait_t,1,5.69e-06
wait_t,1,2.8e-07
wait_t,1,1.7e-07
wait_t,1,1.9e-07
mata_t,135,6e-08
data_t,10240,8.52e-07
mata_t,135,8e-08
data_t,10240,7e-08
mata_t,135,5e-08
data_t,10240,5e-08
mata_t,134,5e-08
data_t,10240,1.3e-07
wait_t,1,3.386e-06
wait_t,1,6.51e-07
wait_t,1,2.21e-07
wait_t,1,1.4e-07
mata_t,134,7e-08
data_t,10240,2.11e-07
mata_t,134,5e-08
data_t,10240,6e-08
mata_t,134,7e-08
data_t,10240,5.1e-08
mata_t,134,6.1e-08
data_t,10240,5e-08
wait_t,1,5.37e-06
wait_t,1,3.11e-07
wait_t,1,1.71e-07
wait_t,1,6.61e-07
mata_t,134,7e-08
data_t,10240,5.21e-07
mata_t,134,9e-08
data_t,10240,7e-08
mata_t,133,6e-08
data_t,10240,6e-08
mata_t,135,5e-08
data_t,10240,1.3e-07
wait_t,1,5.5e-06
wait_t,1,2.61e-07
wait_t,1,2.1e-07
wait_t,1,1.51e-07
mata_t,135,7e-08
data_t,10240,3.71e-07
mata_t,135,7e-08
data_t,10240,6e-08
mata_t,134,5e-08
data_t,10240,1.5e-07
mata_t,134,5e-08
data_t,10240,5e-08
wait_t,1,5.871e-06
wait_t,1,7.11e-07
wait_t,1,4.31e-07
wait_t,1,3.21e-07
mata_t,134,7e-08
data_t,10240,4.41e-07
mata_t,135,9e-08
data_t,10240,6e-08
mata_t,135,5e-08
data_t,10240,1.4e-07
mata_t,133,5e-08
data_t,10240,1.4e-07
wait_t,1,3.116e-06
wait_t,1,2.91e-07
wait_t,1,1.6e-07
wait_t,1,8.92e-07
mata_t,133,9e-08
data_t,10240,2.71e-07
mata_t,134,9e-08
data_t,10240,6e-08
mata_t,133,7e-08
data_t,10240,6e-08
mata_t,134,6e-08
data_t,10240,5.1e-08
wait_t,1,5.6e-06
wait_t,1,2.91e-07
wait_t,1,2.7e-07
wait_t,1,1.91e-07
mata_t,133,7e-08
data_t,10240,3.7e-07
mata_t,134,8e-08
data_t,10240,2.4e-07
mata_t,133,7.1e-08
data_t,10240,6e-08
mata_t,134,6e-08
data_t,10240,6e-08
wait_t,1,4.94e-06
wait_t,1,9.92e-07
wait_t,1,2.6e-07
wait_t,1,6.01e-07
mata_t,135,6e-08
data_t,10240,4e-07
mata_t,135,9e-08
data_t,10240,7e-08
mata_t,135,4e-08
data_t,10240,5.1e-08
mata_t,134,6e-08
data_t,10240,1.5e-07
wait_t,1,5.3e-06
wait_t,1,2.7e-07
wait_t,1,2e-07
wait_t,1,7.42e-07
mata_t,134,7e-08
data_t,10240,6.71e-07
mata_t,135,9e-08
data_t,10240,8e-08
mata_t,134,4e-08
data_t,10240,1.3e-07
mata_t,134,5e-08
data_t,10240,5e-08
wait_t,1,3.967e-06
wait_t,1,3.9e-07
wait_t,1,2.8e-07
wait_t,1,3.1e-07
mata_t,134,7e-08
data_t,10240,1.31e-07
mata_t,134,5e-08
data_t,10240,7e-08
mata_t,133,5e-08
data_t,10240,1.3e-07
mata_t,134,5.1e-08
data_t,10240,1.3e-07
wait_t,1,4.629e-06
wait_t,1,8.82e-07
wait_t,1,1.8e-07
wait_t,1,5.51e-07
mata_t,134,6e-08
data_t,10240,5.31e-07
mata_t,133,1.1e-07
data_t,10240,7e-08
mata_t,134,1.2e-07
data_t,10240,7e-08
mata_t,134,5e-08
data_t,10240,6e-08
wait_t,1,5.26e-06
wait_t,1,3.01e-07
wait_t,1,2.21e-07
wait_t,1,6.91e-07
mata_t,134,7.1e-08
data_t,10240,7.01e-07
mata_t,135,9e-08
data_t,10240,2.5e-07
mata_t,135,5e-08
data_t,10240,1.3e-07
mata_t,135,5e-08
data_t,10240,1.31e-07
wait_t,1,4.889e-06
wait_t,1,2.61e-07
wait_t,1,1.5e-07
wait_t,1,2.51e-07
mata_t,135,7e-08
data_t,10240,5.21e-07
mata_t,135,1.2e-07
data_t,10240,7e-08
mata_t,135,5e-08
data_t,10240,2.5e-07
mata_t,134,5e-08
data_t,10240,6.1e-08
wait_t,1,3.547e-06
wait_t,1,1.232e-06
wait_t,1,2.51e-07
wait_t,1,2e-07
mata_t,134,7e-08
data_t,10240,6.01e-07
mata_t,134,1e-07
data_t,10240,2.3e-07
mata_t,134,5e-08
data_t,10240,1.3e-07
mata_t,134,4e-08
data_t,10240,6e-08
wait_t,1,5.34e-06
wait_t,1,3.11e-07
wait_t,1,1.41e-07
wait_t,1,6.82e-07
mata_t,133,7e-08
data_t,10240,5.41e-07
mata_t,134,9e-08
data_t,10240,7e-08
mata_t,134,7e-08
data_t,10240,1.4e-07
mata_t,135,6e-08
data_t,10240,6e-08
wait_t,1,5.099e-06
wait_t,1,2e-07
wait_t,1,2e-07
wait_t,1,2.21e-07
mata_t,134,6e-08
data_t,10240,5.51e-07
mata_t,134,8e-08
data_t,10240,2.4e-07
mata_t,135,8e-08
data_t,10240,5e-08
mata_t,135,6e-08
data_t,10240,6e-08
wait_t,1,5.099e-06
wait_t,1,8.52e-07
wait_t,1,2.91e-07
wait_t,1,4.11e-07
mata_t,134,7.1e-08
data_t,10240,5.31e-07
mata_t,134,1.21e-07
data_t,10240,8e-08
mata_t,135,6e-08
data_t,10240,6.1e-08
mata_t,134,5e-08
data_t,10240,1.4e-07
wait_t,1,3.577e-06
wait_t,1,3.3e-07
wait_t,1,1.7e-07
wait_t,1,7.01e-07
mata_t,133,6e-08
data_t,10240,4.21e-07
mata_t,133,6e-08
data_t,10240,2.3e-07
mata_t,133,7e-08
data_t,10240,6e-08
mata_t,134,4e-08
data_t,10240,6e-08
wait_t,1,5.1e-06
wait_t,1,3.21e-07
wait_t,1,2.21e-07
wait_t,1,1.5e-07
mata_t,133,8e-08
data_t,10240,5.31e-07
mata_t,134,8e-08
data_t,10240,6e-08
mata_t,134,5e-08
data_t,10240,6e-08
mata_t,135,5e-08
data_t,10240,1.31e-07
wait_t,1,5.39e-06
wait_t,1,1.122e-06
wait_t,1,4.7e-07
wait_t,1,3.31e-07
mata_t,134,6e-08
data_t,10240,3.81e-07
mata_t,133,1e-07
data_t,10240,8e-08
mata_t,134,5e-08
data_t,10240,5e-08
mata_t,135,7e-08
data_t,10240,2.2e-07
wait_t,1,5.29e-06
wait_t,1,4.91e-07
wait_t,1,3.01e-07
wait_t,1,6.81e-07
mata_t,134,6e-08
data_t,10240,4.31e-07
mata_t,135,9e-08
data_t,10240,1.4e-07
mata_t,134,5e-08
data_t,10240,5e-08
mata_t,134,6e-08
data_t,10240,5e-08
wait_t,1,3.317e-06
wait_t,1,3.9e-07
wait_t,1,1.71e-07
wait_t,1,2e-07
mata_t,134,1e-07
data_t,10240,2.6e-07
mata_t,134,6e-08
data_t,10240,6e-08
mata_t,134,5.1e-08
data_t,10240,6e-08
mata_t,134,6e-08
data_t,10240,1.5e-07
wait_t,1,5.049e-06
wait_t,1,1.232e-06
wait_t,1,2.61e-07
wait_t,1,2e-07
mata_t,134,7e-08
data_t,10240,5.21e-07
mata_t,134,1.11e-07
data_t,10240,7.1e-08
mata_t,133,5e-08
data_t,10240,6e-08
mata_t,135,7e-08
data_t,10240,6e-08
wait_t,1,5.42e-06
wait_t,1,3.31e-07
wait_t,1,1.5e-07
wait_t,1,7.31e-07
mata_t,135,7e-08
data_t,10240,5.21e-07
mata_t,134,8e-08
data_t,10240,2.41e-07
mata_t,134,6.1e-08
data_t,10240,6e-08
mata_t,134,5e-08
data_t,10240,7e-08
wait_t,1,1.0209e-05
wait_t,1,3e-07
wait_t,1,2.2e-07
wait_t,1,2.1e-07
mata_t,133,7e-08
data_t,10240,4.41e-07
mata_t,135,1e-07
data_t,10240,8e-08
mata_t,134,5e-08
data_t,10240,4e-08
mata_t,134,5e-08
data_t,10240,1.31e-07
wait_t,1,3.237e-06
wait_t,1,8.52e-07
wait_t,1,2.91e-07
wait_t,1,2.11e-07
mata_t,134,7.1e-08
data_t,10240,7.41e-07
mata_t,134,9.1e-08
data_t,10240,7e-08
mata_t,134,5e-08
data_t,10240,5e-08
mata_t,134,1.5e-07
data_t,10240,7e-08
wait_t,1,4.979e-06
wait_t,1,3.3e-07
wait_t,1,1.7e-07
wait_t,1,9.62e-07
mata_t,132,1.2e-07
data_t,10240,8.11e-07
mata_t,134,8e-08
data_t,10240,2.3e-07
mata_t,133,5e-08
data_t,10240,1.4e-07
mata_t,135,1.3e-07
data_t,10240,6e-08
wait_t,1,5.12e-06
wait_t,1,2.9e-07
wait_t,1,1.8e-07
wait_t,1,2.61e-07
mata_t,135,6e-08
data_t,10240,5.31e-07
mata_t,135,7e-08
data_t,10240,9e-08
mata_t,134,5e-08
data_t,10240,5e-08
mata_t,134,5e-08
data_t,10240,6.1e-08
wait_t,1,5.069e-06
wait_t,1,9.82e-07
wait_t,1,1.7e-07
wait_t,1,4.01e-07
mata_t,135,7.1e-08
data_t,10240,3.01e-07
mata_t,135,1e-07
data_t,10240,6e-08
mata_t,133,5e-08
data_t,10240,6e-08
mata_t,133,4e-08
data_t,10240,2.11e-07
wait_t,1,3.216e-06
wait_t,1,3.21e-07
wait_t,1,2.1e-07
wait_t,1,6.81e-07
mata_t,134,1e-07
data_t,10240,2e-07
mata_t,134,8e-08
data_t,10240,1.51e-07
mata_t,134,5e-08
data_t,10240,6.1e-08
mata_t,134,6e-08
data_t,10240,1.3e-07
wait_t,1,5.179e-06
wait_t,1,2.6e-07
wait_t,1,2.3e-07
wait_t,1,2.01e-07
mata_t,133,7e-08
data_t,10240,3.7e-07
mata_t,133,9e-08
data_t,10240,7.1e-08
mata_t,133,7e-08
data_t,10240,6e-08
mata_t,134,5e-08
data_t,10240,1.31e-07
wait_t,1,4.889e-06
wait_t,1,8.52e-07
wait_t,1,2.11e-07
wait_t,1,2.1e-07
mata_t,134,7.1e-08
data_t,10240,3.8e-07
mata_t,135,1.3e-07
data_t,10240,6e-08
mata_t,135,5e-08
data_t,10240,1.3e-07
mata_t,134,5e-08
data_t,10240,5e-08
wait_t,1,5.32e-06
wait_t,1,3e-07
wait_t,1,1.6e-07
wait_t,1,6.71e-07
mata_t,135,8e-08
data_t,10240,3.9e-07
mata_t,134,9e-08
data_t,10240,8e-08
mata_t,135,9e-08
data_t,10240,5e-08
mata_t,134,6e-08
data_t,10240,5e-08
wait_t,1,3.617e-06
wait_t,1,3e-07
wait_t,1,3.4e-07
wait_t,1,1.9e-07
mata_t,134,7e-08
data_t,10240,2.71e-07
mata_t,134,8e-08
data_t,10240,7e-08
mata_t,134,6e-08
data_t,10240,1.3e-07
mata_t,134,7e-08
data_t,10240,5e-08
wait_t,1,5.36e-06
wait_t,1,8.72e-07
wait_t,1,2.91e-07
wait_t,1,2.11e-07
mata_t,134,7.1e-08
data_t,10240,3.8e-07
mata_t,134,8e-08
data_t,10240,1.5e-07
mata_t,134,5e-08
data_t,10240,6.1e-08
mata_t,134,1.2e-07
data_t,10240,5e-08
wait_t,1,5.391e-06
wait_t,1,3.1e-07
wait_t,1,1.8e-07
wait_t,1,6.62e-07
mata_t,134,7.1e-08
data_t,10240,5.21e-07
mata_t,134,9e-08
data_t,10240,6e-08
mata_t,135,8e-08
data_t,10240,7e-08
mata_t,135,5e-08
data_t,10240,2.21e-07
wait_t,1,5.26e-06
wait_t,1,3.61e-07
wait_t,1,3.71e-07
wait_t,1,2e-07
mata_t,134,8e-08
data_t,10240,2.9e-07
mata_t,135,9e-08
data_t,10240,7e-08
mata_t,134,5e-08
data_t,10240,1.51e-07
mata_t,134,5e-08
data_t,10240,1.4e-07
wait_t,1,3.677e-06
wait_t,1,9.22e-07
wait_t,1,2.6e-07
wait_t,1,3.91e-07
mata_t,133,7e-08
data_t,10240,1.8e-07
mata_t,134,9e-08
data_t,10240,2.21e-07
mata_t,134,4e-08
data_t,10240,6e-08
mata_t,134,5e-08
data_t,10240,6e-08
wait_t,1,5.64e-06
wait_t,1,7.31e-07
wait_t,1,2.5e-07
wait_t,1,6.62e-07
mata_t,133,8e-08
data_t,10240,5.41e-07
mata_t,134,9e-08
data_t,10240,2.4e-07
mata_t,134,5e-08
data_t,10240,1.3e-07
mata_t,135,5e-08
data_t,10240,7e-08
wait_t,1,5.651e-06
wait_t,1,3.1e-07
wait_t,1,3.1e-07
wait_t,1,3.81e-07
mata_t,134,7e-08
data_t,10240,3.91e-07
mata_t,134,9.1e-08
data_t,10240,2.31e-07
mata_t,135,7e-08
data_t,10240,1.4e-07
mata_t,135,5e-08
data_t,10240,6e-08
wait_t,1,4.739e-06
wait_t,1,8.01e-07
wait_t,1,2e-07
wait_t,1,1.6e-07
mata_t,134,7e-08
data_t,10240,5.71e-07
mata_t,135,9e-08
data_t,10240,3.11e-07
mata_t,134,7e-08
data_t,10240,7e-08
mata_t,134,5e-08
data_t,10240,7e-08
wait_t,1,3.397e-06
wait_t,1,2.61e-07
wait_t,1,2e-07
wait_t,1,9.22e-07
mata_t,134,7e-08
data_t,10240,1.9e-07
mata_t,134,6e-08
data_t,10240,2.4e-07
mata_t,133,7e-08
data_t,10240,6e-08
mata_t,134,4e-08
data_t,10240,6.1e-08
wait_t,1,5.09e-06
wait_t,1,3.1e-07
wait_t,1,3.11e-07
wait_t,1,2.8e-07
mata_t,133,8e-08
data_t,10240,5.31e-07
mata_t,132,1e-07
data_t,10240,7e-08
mata_t,133,8e-08
data_t,10240,1.4e-07
mata_t,135,7e-08
data_t,10240,6e-08
wait_t,1,5.07e-06
wait_t,1,8.12e-07
wait_t,1,2.31e-07
wait_t,1,2.1e-07
mata_t,135,7e-08
data_t,10240,3.71e-07
mata_t,134,1e-07
data_t,10240,2.2e-07
mata_t,134,7e-08
data_t,10240,1.4e-07
mata_t,134,5e-08
data_t,10240,1.41e-07
wait_t,1,5.119e-06
wait_t,1,2.41e-07
wait_t,1,1.5e-07
wait_t,1,8.21e-07
mata_t,134,7e-08
data_t,10240,5.41e-07
mata_t,133,9e-08
data_t,10240,2.41e-07
mata_t,135,5e-08
data_t,10240,5e-08
mata_t,134,5e-08
data_t,10240,1.4e-07
wait_t,1,3.406e-06
wait_t,1,4.11e-07
wait_t,1,2.01e-07
wait_t,1,3.01e-07
mata_t,134,1.21e-07
data_t,10240,2.71e-07
mata_t,134,8e-08
data_t,10240,2.4e-07
mata_t,134,7e-08
data_t,10240,1.4e-07
mata_t,134,8e-08
data_t,10240,2.1e-07
wait_t,1,5.18e-06
wait_t,1,7.21e-07
wait_t,1,2.1e-07
wait_t,1,4e-07
mata_t,134,6e-08
data_t,10240,3.8e-07
mata_t,134,1.1e-07
data_t,10240,1.5e-07
mata_t,133,5e-08
data_t,10240,6.1e-08
mata_t,135,5e-08
data_t,10240,1.31e-07
wait_t,1,5.13e-06
wait_t,1,2.81e-07
wait_t,1,2.01e-07
wait_t,1,8.72e-07
mata_t,135,7e-08
data_t,10240,3.81e-07
mata_t,135,8e-08
data_t,10240,8e-08
mata_t,134,8e-08
data_t,10240,1.31e-07
mata_t,134,5e-08
data_t,10240,5e-08
wait_t,1,4.789e-06
wait_t,1,2.91e-07
wait_t,1,1.6e-07
wait_t,1,2.2e-07
mata_t,134,7e-08
data_t,10240,3.91e-07
mata_t,134,1e-07
data_t,10240,1.7e-07
mata_t,135,7e-08
data_t,10240,6e-08
mata_t,134,5e-08
data_t,10240,6e-08
wait_t,1,3.627e-06
wait_t,1,7.41e-07
wait_t,1,2.11e-07
wait_t,1,1.5e-07
mata_t,133,9e-08
data_t,10240,1.3e-07
mata_t,133,8.1e-08
data_t,10240,7e-08
mata_t,134,8e-08
data_t,10240,6e-08
mata_t,134,5e-08
data_t,10240,6.1e-08
wait_t,1,5.33e-06
wait_t,1,2.8e-07
wait_t,1,3.11e-07
wait_t,1,8.01e-07
mata_t,133,6e-08
data_t,10240,3.9e-07
mata_t,134,9e-08
data_t,10240,1.51e-07
mata_t,133,8e-08
data_t,10240,5e-08
mata_t,134,5e-08
data_t,10240,5e-08
wait_t,1,5.42e-06
wait_t,1,3.2e-07
wait_t,1,1.81e-07
wait_t,1,5.81e-07
mata_t,135,6e-08
data_t,10240,5.21e-07
mata_t,135,9e-08
data_t,10240,3.81e-07
mata_t,134,5.1e-08
data_t,10240,2.21e-07
mata_t,134,6e-08
data_t,10240,1.3e-07
wait_t,1,4.959e-06
wait_t,1,9.02e-07
wait_t,1,4.31e-07
wait_t,1,3.31e-07
mata_t,134,7e-08
data_t,10240,4.41e-07
mata_t,135,1e-07
data_t,10240,6.1e-08
mata_t,135,7e-08
data_t,10240,6e-08
mata_t,134,4e-08
data_t,10240,6e-08
wait_t,1,3.366e-06
wait_t,1,4.2e-07
wait_t,1,1.6e-07
wait_t,1,5.61e-07
mata_t,134,6e-08
data_t,10240,2.1e-07
mata_t,134,1.1e-07
data_t,10240,6e-08
mata_t,133,4e-08
data_t,10240,1.4e-07
mata_t,134,7e-08
data_t,10240,1.3e-07
wait_t,1,4.709e-06
wait_t,1,3.61e-07
wait_t,1,1.9e-07
wait_t,1,1.9e-07
mata_t,134,8e-08
data_t,10240,3.8e-07
mata_t,134,9e-08
data_t,10240,6e-08
mata_t,134,7e-08
data_t,10240,6e-08
mata_t,134,5e-08
data_t,10240,1.3e-07
wait_t,1,5.22e-06
wait_t,1,7.41e-07
wait_t,1,2.1e-07
wait_t,1,2.01e-07
mata_t,134,6e-08
data_t,10240,5.91e-07
mata_t,135,1.21e-07
data_t,10240,7e-08
mata_t,135,5e-08
data_t,10240,7e-08
mata_t,135,7.1e-08
data_t,10240,7e-08
wait_t,1,4.819e-06
wait_t,1,3.3e-07
wait_t,1,2.61e-07
wait_t,1,7.22e-07
mata_t,134,7e-08
data_t,10240,4.41e-07
mata_t,135,1e-07
data_t,10240,7e-08
mata_t,134,6e-08
data_t,10240,1.5e-07
mata_t,134,5e-08
data_t,10240,6e-08
wait_t,1,3.236e-06
wait_t,1,3.31e-07
wait_t,1,1.9e-07
wait_t,1,2e-07
mata_t,134,6e-08
data_t,10240,2.81e-07
mata_t,133,1.71e-07
data_t,10240,6.1e-08
mata_t,134,7e-08
data_t,10240,7.1e-08
mata_t,134,6e-08
data_t,10240,1.4e-07
wait_t,1,5.31e-06
wait_t,1,7.91e-07
wait_t,1,2.9e-07
wait_t,1,1.8e-07
mata_t,133,6.1e-08
data_t,10240,5.51e-07
mata_t,134,6e-08
data_t,10240,2.4e-07
mata_t,134,6e-08
data_t,10240,5e-08
mata_t,135,5e-08
data_t,10240,1.4e-07
wait_t,1,5.2e-06
wait_t,1,3.1e-07
wait_t,1,1.6e-07
wait_t,1,8.32e-07
mata_t,134,7e-08
data_t,10240,3.81e-07
mata_t,134,9.1e-08
data_t,10240,5.1e-08
mata_t,135,5e-08
data_t,10240,7e-08
mata_t,135,6e-08
data_t,10240,5e-08
wait_t,1,4.95e-06
wait_t,1,3.71e-07
wait_t,1,1.5e-07
wait_t,1,1.9e-07
mata_t,134,7e-08
data_t,10240,3.71e-07
mata_t,134,8e-08
data_t,10240,8e-08
mata_t,135,6.1e-08
data_t,10240,1.4e-07
mata_t,134,5e-08
data_t,10240,6e-08
wait_t,1,3.246e-06
wait_t,1,9.22e-07
wait_t,1,3.61e-07
wait_t,1,1.4e-07
mata_t,133,7e-08
data_t,10240,4.3e-07
mata_t,133,1.3e-07
data_t,10240,9.1e-08
mata_t,134,7e-08
data_t,10240,1.4e-07
mata_t,134,7e-08
data_t,10240,6e-08
wait_t,1,4.669e-06
wait_t,1,3.31e-07
wait_t,1,2.3e-07
wait_t,1,8.31e-07
mata_t,133,7e-08
data_t,10240,5.21e-07
mata_t,134,9e-08
data_t,10240,8e-08
mata_t,134,5e-08
data_t,10240,6e-08
mata_t,135,1.2e-07
data_t,10240,5e-08
wait_t,1,5.13e-06
wait_t,1,2.81e-07
wait_t,1,2.1e-07
wait_t,1,3.41e-07
mata_t,135,6e-08
data_t,10240,5.41e-07
mata_t,134,9.1e-08
data_t,10240,7e-08
mata_t,134,1.41e-07
data_t,10240,7e-08
mata_t,135,1.21e-07
data_t,10240,1.3e-07
wait_t,1,5.29e-06
wait_t,1,8.11e-07
wait_t,1,2.71e-07
wait_t,1,1.51e-07
mata_t,134,7e-08
data_t,10240,3.71e-07
mata_t,134,8e-08
data_t,10240,8e-08
mata_t,135,5e-08
data_t,10240,1.4e-07
mata_t,134,8e-08
data_t,10240,1.4e-07
wait_t,1,3.206e-06
wait_t,1,3.11e-07
wait_t,1,1.6e-07
wait_t,1,9.22e-07
mata_t,134,6e-08
data_t,10240,3.7e-07
mata_t,134,6e-08
data_t,10240,8e-08
mata_t,134,7e-08
data_t,10240,5e-08
mata_t,134,8e-08
data_t,10240,1.3e-07
wait_t,1,5.039e-06
wait_t,1,2.9e-07
wait_t,1,1.91e-07
wait_t,1,2.4e-07
mata_t,134,7e-08
data_t,10240,3.71e-07
mata_t,134,1e-07
data_t,10240,7e-08
mata_t,133,8e-08
data_t,10240,1.3e-07
mata_t,135,8e-08
data_t,10240,5e-08
wait_t,1,4.819e-06
wait_t,1,7.61e-07
wait_t,1,2.41e-07
wait_t,1,1.4e-07
mata_t,135,7e-08
data_t,10240,3.71e-07
mata_t,134,9e-08
data_t,10240,7e-08
mata_t,134,6e-08
data_t,10240,1.31e-07
mata_t,133,6e-08
data_t,10240,2.2e-07
wait_t,1,5.14e-06
wait_t,1,2.91e-07
wait_t,1,4.51e-07
wait_t,1,7.61e-07
mata_t,133,7e-08
data_t,10240,4.71e-07
mata_t,135,7e-08
data_t,10240,7e-08
mata_t,135,5e-08
data_t,10240,5e-08
mata_t,134,4e-08
data_t,10240,6e-08
wait_t,1,3.497e-06
wait_t,1,4.71e-07
wait_t,1,1.5e-07
wait_t,1,2e-07
mata_t,134,7.1e-08
data_t,10240,3.4e-07
mata_t,134,9e-08
data_t,10240,6e-08
mata_t,134,4e-08
data_t,10240,1.3e-07
mata_t,134,5e-08
data_t,10240,1.41e-07
wait_t,1,5.35e-06
wait_t,1,8.22e-07
wait_t,1,2.21e-07
wait_t,1,1.6e-07
mata_t,133,6e-08
data_t,10240,3.81e-07
mata_t,134,8e-08
data_t,10240,6.1e-08
mata_t,133,7e-08
data_t,10240,6e-08
mata_t,135,5.1e-08
data_t,10240,1.3e-07
wait_t,1,4.919e-06
wait_t,1,2.71e-07
wait_t,1,4.8e-07
wait_t,1,9.02e-07
mata_t,135,7e-08
data_t,10240,5.21e-07
mata_t,135,8e-08
data_t,10240,7e-08
mata_t,134,6e-08
data_t,10240,8e-08
mata_t,134,1.4e-07
data_t,10240,6e-08
wait_t,1,5.43e-06
wait_t,1,2.7e-07
wait_t,1,1.7e-07
wait_t,1,2.1e-07
mata_t,134,7e-08
data_t,10240,3.9e-07
mata_t,135,1e-07
data_t,10240,8e-08
mata_t,135,6e-08
data_t,10240,1.6e-07
mata_t,134,5e-08
data_t,10240,7e-08
wait_t,1,3.487e-06
wait_t,1,9.01e-07
wait_t,1,2.41e-07
wait_t,1,1.9e-07
mata_t,134,9.1e-08
data_t,10240,4.2e-07
mata_t,134,9e-08
data_t,10240,6e-08
mata_t,133,5e-08
data_t,10240,6e-08
mata_t,134,5e-08
data_t,10240,1.3e-07
wait_t,1,4.9e-06
wait_t,1,3.51e-07
wait_t,1,2.31e-07
wait_t,1,7.11e-07
mata_t,133,7e-08
data_t,10240,5.21e-07
mata_t,134,7e-08
data_t,10240,2.6e-07
mata_t,133,5e-08
data_t,10240,7e-08
mata_t,134,5e-08
data_t,10240,1.1e-07
wait_t,1,5.14e-06
wait_t,1,2.91e-07
wait_t,1,1.5e-07
wait_t,1,2.1e-07
mata_t,134,7e-08
data_t,10240,3.71e-07
mata_t,135,1e-07
data_t,10240,7.1e-08
mata_t,135,6e-08
data_t,10240,6e-08
mata_t,134,5e-08
data_t,10240,5e-08
wait_t,1,5.089e-06
wait_t,1,7.02e-07
wait_t,1,2.9e-07
wait_t,1,2.01e-07
mata_t,134,7.1e-08
data_t,10240,3.81e-07
mata_t,134,1.1e-07
data_t,10240,2.41e-07
mata_t,135,5e-08
data_t,10240,7e-08
mata_t,134,6e-08
data_t,10240,1.3e-07
wait_t,1,3.857e-06
wait_t,1,7.31e-07
wait_t,1,2.8e-07
wait_t,1,6.31e-07
mata_t,134,7e-08
data_t,10240,4.3e-07
mata_t,134,9.1e-08
data_t,10240,6e-08
mata_t,134,5e-08
data_t,10240,1.3e-07
mata_t,133,6e-08
data_t,10240,5e-08
wait_t,1,5.219e-06
wait_t,1,5.11e-07
wait_t,1,1.91e-07
wait_t,1,2.9e-07
mata_t,134,6e-08
data_t,10240,6.11e-07
mata_t,133,1.1e-07
data_t,10240,7e-08
mata_t,134,6e-08
data_t,10240,1.41e-07
mata_t,134,5e-08
data_t,10240,1.3e-07
wait_t,1,4.719e-06
wait_t,1,7.82e-07
wait_t,1,2.4e-07
wait_t,1,2.1e-07
mata_t,134,7e-08
data_t,10240,3.8e-07
mata_t,135,1.1e-07
data_t,10240,6e-08
mata_t,135,1.3e-07
data_t,10240,1.3e-07
mata_t,135,6e-08
data_t,10240,1.3e-07
wait_t,1,5.139e-06
wait_t,1,3.21e-07
wait_t,1,4.11e-07
wait_t,1,9.02e-07
mata_t,134,1e-07
data_t,10240,7.81e-07
mata_t,135,1.1e-07
data_t,10240,1.5e-07
mata_t,134,5e-08
data_t,10240,7e-08
mata_t,134,5e-08
data_t,10240,5e-08
wait_t,1,3.587e-06
wait_t,1,3.3e-07
wait_t,1,1.81e-07
wait_t,1,2.51e-07
mata_t,134,7e-08
data_t,10240,2.81e-07
mata_t,134,8e-08
data_t,10240,6e-08
mata_t,134,5e-08
data_t,10240,1.3e-07
mata_t,134,5e-08
data_t,10240,6e-08
wait_t,1,5.12e-06
wait_t,1,8.31e-07
wait_t,1,2.9e-07
wait_t,1,1.61e-07
mata_t,133,7e-08
data_t,10240,4.21e-07
mata_t,134,8.1e-08
data_t,10240,1.41e-07
mata_t,134,7e-08
data_t,10240,6e-08
mata_t,135,5e-08
data_t,10240,6.1e-08
wait_t,1,5.16e-06
wait_t,1,3.1e-07
wait_t,1,2.3e-07
wait_t,1,8.61e-07
mata_t,134,6e-08
data_t,10240,8.82e-07
mata_t,134,1.71e-07
data_t,10240,5.71e-07
mata_t,135,5e-08
data_t,10240,2.4e-07
mata_t,135,5.1e-08
data_t,10240,2.21e-07
wait_t,1,5.51e-06
wait_t,1,7.21e-07
wait_t,1,6.31e-07
wait_t,1,2.11e-07
mata_t,133,7e-08
data_t,10240,3.91e-07
mata_t,135,1e-07
data_t,10240,7e-08
mata_t,133,7e-08
data_t,10240,6e-08
mata_t,132,4e-08
data_t,10240,1.3e-07
wait_t,1,3.256e-06
wait_t,1,7.81e-07
wait_t,1,3.01e-07
wait_t,1,2.3e-07
mata_t,134,7e-08
data_t,10240,1.4e-07
mata_t,134,9e-08
data_t,10240,2.31e-07
mata_t,133,6e-08
data_t,10240,7e-08
mata_t,134,8e-08
data_t,10240,5e-08
wait_t,1,5e-06
wait_t,1,3.01e-07
wait_t,1,1.5e-07
wait_t,1,7.51e-07
mata_t,133,7e-08
data_t,10240,5.21e-07
mata_t,133,1e-07
data_t,10240,2.31e-07
mata_t,134,5e-08
data_t,10240,1.41e-07
mata_t,135,5e-08
data_t,10240,5e-08
wait_t,1,5.391e-06
wait_t,1,2.5e-07
wait_t,1,2.6e-07
wait_t,1,2.11e-07
mata_t,134,6.1e-08
data_t,10240,3.81e-07
mata_t,133,1.01e-07
data_t,10240,2.51e-07
mata_t,134,8e-08
data_t,10240,1.4e-07
mata_t,135,5e-08
data_t,10240,1.4e-07
wait_t,1,4.949e-06
wait_t,1,9.32e-07
wait_t,1,2.5e-07
wait_t,1,1.71e-07
mata_t,134,7e-08
data_t,10240,4e-07
mata_t,134,9e-08
data_t,10240,2.41e-07
mata_t,135,6e-08
data_t,10240,5e-08
mata_t,134,5e-08
data_t,10240,5e-08
wait_t,1,3.727e-06
wait_t,1,3.1e-07
wait_t,1,1.5e-07
wait_t,1,7.21e-07
mata_t,134,6e-08
data_t,10240,2.7e-07
mata_t,134,5e-08
data_t,10240,2.5e-07
mata_t,134,4e-08
data_t,10240,1.3e-07
mata_t,133,5e-08
data_t,10240,5e-08
wait_t,1,4.879e-06
wait_t,1,3.31e-07
wait_t,1,2.71e-07
wait_t,1,2.5e-07
mata_t,134,6e-08
data_t,10240,3.81e-07
mata_t,134,1.01e-07
data_t,10240,6.1e-08
mata_t,133,7e-08
data_t,10240,6e-08
mata_t,135,6e-08
data_t,10240,5e-08
wait_t,1,5.431e-06
wait_t,1,9.02e-07
wait_t,1,2.4e-07
wait_t,1,1.61e-07
mata_t,135,6e-08
data_t,10240,6.71e-07
mata_t,135,1e-07
data_t,10240,1.5e-07
mata_t,134,6e-08
data_t,10240,1.5e-07
mata_t,134,5.1e-08
data_t,10240,6e-08
wait_t,1,5.51e-06
wait_t,1,3.11e-07
wait_t,1,1.91e-07
wait_t,1,7.01e-07
mata_t,134,6e-08
data_t,10240,5.31e-07
mata_t,134,7e-08
data_t,10240,8e-08
mata_t,135,5e-08
data_t,10240,6e-08
mata_t,134,5e-08
data_t,10240,6e-08
wait_t,1,3.467e-06
wait_t,1,3.2e-07
wait_t,1,2.3e-07
wait_t,1,2.6e-07
mata_t,134,1.1e-07
data_t,10240,2.8e-07
mata_t,133,1.2e-07
data_t,10240,2.41e-07
mata_t,134,5e-08
data_t,10240,5e-08
mata_t,134,5e-08
data_t,10240,1.41e-07
wait_t,1,5.27e-06
wait_t,1,8.91e-07
wait_t,1,2.1e-07
wait_t,1,2.8e-07
mata_t,132,7e-08
data_t,10240,3.81e-07
mata_t,134,1e-07
data_t,10240,7e-08
mata_t,133,5e-08
data_t,10240,6e-08
mata_t,134,5e-08
data_t,10240,6e-08
wait_t,1,5.109e-06
wait_t,1,3.71e-07
wait_t,1,1.8e-07
wait_t,1,7.11e-07
mata_t,135,7e-08
data_t,10240,5.31e-07
mata_t,135,1e-07
data_t,10240,7e-08
mata_t,134,6e-08
data_t,10240,6e-08
mata_t,134,5e-08
data_t,10240,1.4e-07
wait_t,1,4.969e-06
wait_t,1,2.01e-07
wait_t,1,2.71e-07
wait_t,1,2.51e-07
mata_t,134,7e-08
data_t,10240,3.8e-07
mata_t,135,1e-07
data_t,10240,1.61e-07
mata_t,134,5e-08
data_t,10240,1.3e-07
mata_t,134,6e-08
data_t,10240,1.31e-07
wait_t,1,3.527e-06
wait_t,1,8.61e-07
wait_t,1,2.4e-07
wait_t,1,2.11e-07
mata_t,134,7.1e-08
data_t,10240,3.51e-07
mata_t,134,8e-08
data_t,10240,6e-08
mata_t,134,8.1e-08
data_t,10240,6e-08
mata_t,134,6.1e-08
data_t,10240,1.7e-07
wait_t,1,5.01e-06
wait_t,1,3.41e-07
wait_t,1,1.6e-07
wait_t,1,8.42e-07
mata_t,133,7.1e-08
data_t,10240,3.71e-07
mata_t,133,1.3e-07
data_t,10240,8e-08
mata_t,133,7e-08
data_t,10240,6.1e-08
mata_t,134,5.1e-08
data_t,10240,5e-08
wait_t,1,5.22e-06
wait_t,1,5.41e-07
wait_t,1,3.11e-07
wait_t,1,2.6e-07
mata_t,134,7e-08
data_t,10240,3.81e-07
mata_t,135,1e-07
data_t,10240,7e-08
mata_t,135,7e-08
data_t,10240,2.2e-07
mata_t,135,5e-08
data_t,10240,2.31e-07
wait_t,1,5.16e-06
wait_t,1,8.52e-07
wait_t,1,4.21e-07
wait_t,1,4.61e-07
mata_t,134,7e-08
data_t,10240,4.41e-07
mata_t,135,1.41e-07
data_t,10240,7e-08
mata_t,134,5e-08
data_t,10240,6e-08
mata_t,134,5.1e-08
data_t,10240,5e-08
wait_t,1,3.527e-06
wait_t,1,5.71e-07
wait_t,1,1.6e-07
wait_t,1,7.02e-07
mata_t,134,7e-08
data_t,10240,3.4e-07
mata_t,134,9.1e-08
data_t,10240,7e-08
mata_t,134,2e-07
data_t,10240,1.6e-07
mata_t,134,1e-07
data_t,10240,6e-08
wait_t,1,5.17e-06
wait_t,1,3.31e-07
wait_t,1,1.7e-07
wait_t,1,4.7e-07
mata_t,134,7e-08
data_t,10240,3.9e-07
mata_t,134,1.11e-07
data_t,10240,1.5e-07
mata_t,134,6e-08
data_t,10240,7e-08
mata_t,134,5e-08
data_t,10240,6e-08
wait_t,1,5.27e-06
wait_t,1,9.02e-07
wait_t,1,1.6e-07
wait_t,1,2.5e-07
mata_t,134,7e-08
data_t,10240,6.61e-07
mata_t,134,1e-07
data_t,10240,7e-08
mata_t,135,4e-08
data_t,10240,5e-08
mata_t,135,6e-08
data_t,10240,6e-08
wait_t,1,4.97e-06
wait_t,1,2.8e-07
wait_t,1,1.9e-07
wait_t,1,7.31e-07
mata_t,134,7.1e-08
data_t,10240,7.71e-07
mata_t,134,1.1e-07
data_t,10240,8e-08
mata_t,135,5e-08
data_t,10240,1.5e-07
mata_t,134,6e-08
data_t,10240,1.3e-07
wait_t,1,3.606e-06
wait_t,1,2.4e-07
wait_t,1,2.11e-07
wait_t,1,2e-07
mata_t,134,6e-08
data_t,10240,3.5e-07
mata_t,134,9e-08
data_t,10240,6e-08
mata_t,134,5e-08
data_t,10240,7.1e-08
mata_t,134,5e-08
data_t,10240,1.41e-07
wait_t,1,4.759e-06
wait_t,1,9.72e-07
wait_t,1,2.91e-07
wait_t,1,2.01e-07
mata_t,133,7.1e-08
data_t,10240,5.21e-07
mata_t,134,7e-08
data_t,10240,2.51e-07
mata_t,134,5e-08
data_t,10240,1.31e-07
mata_t,135,5.1e-08
data_t,10240,1.4e-07
wait_t,1,5.149e-06
wait_t,1,3.4e-07
wait_t,1,2.3e-07
wait_t,1,7.51e-07
mata_t,134,7e-08
data_t,10240,4.61e-07
mata_t,134,1e-07
data_t,10240,7e-08
mata_t,135,5e-08
data_t,10240,6e-08
mata_t,135,5e-08
data_t,10240,1.3e-07
wait_t,1,5.18e-06
wait_t,1,2.11e-07
wait_t,1,3.11e-07
wait_t,1,2.5e-07
mata_t,134,9e-08
data_t,10240,4.31e-07
mata_t,133,1.1e-07
data_t,10240,9e-08
mata_t,135,9e-08
data_t,10240,1.61e-07
mata_t,134,5e-08
data_t,10240,7e-08
wait_t,1,3.686e-06
wait_t,1,8.72e-07
wait_t,1,2.4e-07
wait_t,1,1.5e-07
mata_t,134,7e-08
data_t,10240,3.51e-07
mata_t,134,9e-08
data_t,10240,7e-08
mata_t,133,6e-08
data_t,10240,1.31e-07
mata_t,134,5e-08
data_t,10240,6e-08
wait_t,1,5.039e-06
wait_t,1,3.71e-07
wait_t,1,1.5e-07
wait_t,1,7.92e-07
mata_t,134,6e-08
data_t,10240,4.51e-07
mata_t,132,8e-08
data_t,10240,6.1e-08
mata_t,133,6e-08
data_t,10240,9e-08
mata_t,135,8e-08
data_t,10240,7.1e-08
wait_t,1,4.989e-06
wait_t,1,2.5e-07
wait_t,1,2.51e-07
wait_t,1,2.01e-07
mata_t,135,7e-08
data_t,10240,5.11e-07
mata_t,134,8e-08
data_t,10240,1.5e-07
mata_t,134,8e-08
data_t,10240,6e-08
mata_t,134,7e-08
data_t,10240,5e-08
wait_t,1,4.909e-06
wait_t,1,7.81e-07
wait_t,1,3.1e-07
wait_t,1,2.7e-07
mata_t,133,7e-08
data_t,10240,5.31e-07
mata_t,135,1e-07
data_t,10240,6e-08
mata_t,134,6e-08
data_t,10240,6e-08
mata_t,134,5.1e-08
data_t,10240,6e-08
wait_t,1,3.496e-06
wait_t,1,2.7e-07
wait_t,1,1.7e-07
wait_t,1,6.11e-07
mata_t,134,1.01e-07
data_t,10240,2.21e-07
mata_t,134,9e-08
data_t,10240,1.41e-07
mata_t,134,8e-08
data_t,10240,5e-08
mata_t,134,5e-08
data_t,10240,6e-08
wait_t,1,4.949e-06
wait_t,1,3e-07
wait_t,1,1.51e-07
wait_t,1,1.9e-07
mata_t,134,8e-08
data_t,10240,5.21e-07
mata_t,134,9e-08
data_t,10240,6.1e-08
mata_t,133,1.3e-07
data_t,10240,7e-08
mata_t,135,5e-08
data_t,10240,1.3e-07
wait_t,1,5.14e-06
wait_t,1,9.21e-07
wait_t,1,1.8e-07
wait_t,1,2.11e-07
mata_t,135,7e-08
data_t,10240,3.9e-07
mata_t,135,8.1e-08
data_t,10240,6e-08
mata_t,134,1.31e-07
data_t,10240,2.31e-07
mata_t,134,5e-08
data_t,10240,6e-08
wait_t,1,5.28e-06
wait_t,1,7.51e-07
wait_t,1,1.7e-07
wait_t,1,6.91e-07
mata_t,134,7e-08
data_t,10240,3.81e-07
mata_t,134,1e-07
data_t,10240,2.5e-07
mata_t,134,6e-08
data_t,10240,1.41e-07
mata_t,134,6e-08
data_t,10240,5e-08
wait_t,1,3.166e-06
wait_t,1,4.31e-07
wait_t,1,2.1e-07
wait_t,1,1.7e-07
mata_t,133,7e-08
data_t,10240,3.4e-07
mata_t,133,9e-08
data_t,10240,6e-08
mata_t,134,6e-08
data_t,10240,5.1e-08
mata_t,134,4e-08
data_t,10240,1.31e-07
wait_t,1,5.06e-06
wait_t,1,1.132e-06
wait_t,1,2.41e-07
wait_t,1,1.71e-07
mata_t,133,6e-08
data_t,10240,5.31e-07
mata_t,134,1.01e-07
data_t,10240,2.41e-07
mata_t,133,5.1e-08
data_t,10240,6e-08
mata_t,134,1.2e-07
data_t,10240,5e-08
wait_t,1,5.17e-06
wait_t,1,6.61e-07
wait_t,1,1.51e-07
wait_t,1,7.31e-07
mata_t,135,7.1e-08
data_t,10240,3.81e-07
mata_t,135,8e-08
data_t,10240,2.3e-07
mata_t,135,9e-08
data_t,10240,1.4e-07
mata_t,134,6e-08
data_t,10240,1.41e-07
wait_t,1,4.909e-06
wait_t,1,2.8e-07
wait_t,1,1.5e-07
wait_t,1,1.8e-07
mata_t,134,4.11e-07
data_t,10240,5.41e-07
mata_t,134,9e-08
data_t,10240,6e-08
mata_t,135,5e-08
data_t,10240,1.4e-07
mata_t,134,5e-08
data_t,10240,6e-08
wait_t,1,3.667e-06
wait_t,1,9.62e-07
wait_t,1,2.31e-07
wait_t,1,1.6e-07
mata_t,133,7e-08
data_t,10240,4.41e-07
mata_t,134,8.1e-08
data_t,10240,2.41e-07
mata_t,133,5e-08
data_t,10240,7e-08
mata_t,134,6.1e-08
data_t,10240,7e-08
wait_t,1,5.24e-06
wait_t,1,3.01e-07
wait_t,1,2.01e-07
wait_t,1,7.41e-07
mata_t,134,7e-08
data_t,10240,3.91e-07
mata_t,134,1.6e-07
data_t,10240,7e-08
mata_t,134,5e-08
data_t,10240,7e-08
mata_t,134,5e-08
data_t,10240,1.31e-07
wait_t,1,5.41e-06
wait_t,1,6.82e-07
wait_t,1,2.61e-07
wait_t,1,2.41e-07
mata_t,134,7e-08
data_t,10240,5.51e-07
mata_t,135,9e-08
data_t,10240,2.5e-07
mata_t,135,6e-08
data_t,10240,1.3e-07
mata_t,135,6e-08
data_t,10240,1.4e-07
wait_t,1,4.939e-06
wait_t,1,8.32e-07
wait_t,1,1.6e-07
wait_t,1,2.01e-07
mata_t,134,7e-08
data_t,10240,3.9e-07
mata_t,135,9.1e-08
data_t,10240,8e-08
mata_t,134,5e-08
data_t,10240,5e-08
mata_t,134,5e-08
data_t,10240,7e-08
wait_t,1,3.617e-06
wait_t,1,3.41e-07
wait_t,1,1.6e-07
wait_t,1,5.41e-07
mata_t,134,6e-08
data_t,10240,3.61e-07
mata_t,133,1.3e-07
data_t,10240,7e-08
mata_t,134,8e-08
data_t,10240,5e-08
mata_t,134,6e-08
data_t,10240,6e-08
wait_t,1,5.43e-06
wait_t,1,3.21e-07
wait_t,1,2.5e-07
wait_t,1,2.61e-07
mata_t,134,7e-08
data_t,10240,5.2e-07
mata_t,134,1e-07
data_t,10240,8e-08
mata_t,134,5e-08
data_t,10240,6e-08
mata_t,135,6e-08
data_t,10240,8e-08
wait_t,1,5.56e-06
wait_t,1,8.72e-07
wait_t,1,1.61e-07
wait_t,1,1.5e-07
mata_t,134,7e-08
data_t,10240,5.41e-07
mata_t,134,1.2e-07
data_t,10240,6.1e-08
mata_t,135,8e-08
data_t,10240,6e-08
mata_t,135,1e-07
data_t,10240,1.3e-07
wait_t,1,4.939e-06
wait_t,1,2.91e-07
wait_t,1,1.51e-07
wait_t,1,9.42e-07
mata_t,134,7e-08
data_t,10240,3.81e-07
mata_t,135,8e-08
data_t,10240,8e-08
mata_t,134,5e-08
data_t,10240,6e-08
mata_t,134,6e-08
data_t,10240,5e-08
wait_t,1,3.367e-06
wait_t,1,3.01e-07
wait_t,1,3.11e-07
wait_t,1,2.5e-07
mata_t,134,7e-08
data_t,10240,3.51e-07
mata_t,134,8e-08
data_t,10240,6e-08
mata_t,134,8e-08
data_t,10240,7.1e-08
mata_t,134,6.1e-08
data_t,10240,1.3e-07
wait_t,1,5.22e-06
wait_t,1,8.62e-07
wait_t,1,3.4e-07
wait_t,1,2.4e-07
mata_t,133,6e-08
data_t,10240,3.81e-07
mata_t,134,9.1e-08
data_t,10240,7.1e-08
mata_t,134,6e-08
data_t,10240,1.4e-07
mata_t,135,4e-08
data_t,10240,5e-08
wait_t,1,5.54e-06
wait_t,1,3.4e-07
wait_t,1,1.7e-07
wait_t,1,6.42e-07
mata_t,135,7e-08
data_t,10240,4.21e-07
mata_t,134,9.1e-08
data_t,10240,2.61e-07
mata_t,134,5.1e-08
data_t,10240,6e-08
mata_t,135,5e-08
data_t,10240,5.71e-07
wait_t,1,4.919e-06
wait_t,1,4.41e-07
wait_t,1,4.51e-07
wait_t,1,2.01e-07
mata_t,134,8e-08
data_t,10240,5.81e-07
mata_t,134,1e-07
data_t,10240,8.1e-08
mata_t,135,7e-08
data_t,10240,1.6e-07
mata_t,134,9.1e-08
data_t,10240,7.1e-08
wait_t,1,3.316e-06
wait_t,1,8.12e-07
wait_t,1,3.3e-07
wait_t,1,2.71e-07
mata_t,134,7e-08
data_t,10240,3.61e-07
mata_t,134,9e-08
data_t,10240,7e-08
mata_t,133,5e-08
data_t,10240,1.41e-07
mata_t,133,7e-08
data_t,10240,1.3e-07
wait_t,1,4.879e-06
wait_t,1,3.41e-07
wait_t,1,2.4e-07
wait_t,1,9.92e-07
mata_t,134,7e-08
data_t,10240,5.21e-07
mata_t,134,6e-08
data_t,10240,7e-08
mata_t,133,6e-08
data_t,10240,7.1e-08
mata_t,135,5e-08
data_t,10240,1.4e-07
wait_t,1,4.739e-06
wait_t,1,2.4e-07
wait_t,1,2e-07
wait_t,1,3.91e-07
mata_t,135,7.1e-08
data_t,10240,3.71e-07
mata_t,135,1e-07
data_t,10240,2.4e-07
mata_t,134,5e-08
data_t,10240,1.5e-07
mata_t,133,4.1e-08
data_t,10240,6e-08
wait_t,1,5.57e-06
wait_t,1,9.22e-07
wait_t,1,2e-07
wait_t,1,2.81e-07
mata_t,134,7e-08
data_t,10240,3.81e-07
mata_t,134,8e-08
data_t,10240,7e-08
mata_t,135,6e-08
data_t,10240,6e-08
mata_t,134,5e-08
data_t,10240,6e-08
wait_t,1,3.367e-06
wait_t,1,3.5e-07
wait_t,1,2.3e-07
wait_t,1,6.31e-07
mata_t,134,7e-08
data_t,10240,5.01e-07
mata_t,134,1.1e-07
data_t,10240,2.4e-07
mata_t,134,5e-08
data_t,10240,6e-08
mata_t,134,8e-08
data_t,10240,5e-08
wait_t,1,4.899e-06
wait_t,1,2.4e-07
wait_t,1,2.91e-07
wait_t,1,2.11e-07
mata_t,133,7e-08
data_t,10240,3.81e-07
mata_t,134,8e-08
data_t,10240,7e-08
mata_t,133,7e-08
data_t,10240,6e-08
mata_t,134,5e-08
data_t,10240,5.1e-08
wait_t,1,5.13e-06
wait_t,1,8.22e-07
wait_t,1,2.1e-07
wait_t,1,1.5e-07
mata_t,135,7e-08
data_t,10240,3.81e-07
mata_t,135,9e-08
data_t,10240,2.41e-07
mata_t,134,6e-08
data_t,10240,7e-08
mata_t,134,5e-08
data_t,10240,1.4e-07
wait_t,1,5.26e-06
wait_t,1,2.91e-07
wait_t,1,2.31e-07
wait_t,1,6.81e-07
mata_t,134,7e-08
data_t,10240,5.31e-07
mata_t,135,9e-08
data_t,10240,7e-08
mata_t,134,5e-08
data_t,10240,5e-08
mata_t,134,4e-08
data_t,10240,5e-08
wait_t,1,3.437e-06
wait_t,1,3.01e-07
wait_t,1,2e-07
wait_t,1,1.71e-07
mata_t,134,7.1e-08
data_t,10240,3.61e-07
mata_t,134,8e-08
data_t,10240,7e-08
mata_t,134,5e-08
data_t,10240,1.3e-07
mata_t,134,9.1e-08
data_t,10240,5e-08
wait_t,1,5.07e-06
wait_t,1,8.32e-07
wait_t,1,2.7e-07
wait_t,1,2.6e-07
mata_t,133,7e-08
data_t,10240,5.21e-07
mata_t,134,1e-07
data_t,10240,8e-08
mata_t,133,6e-08
data_t,10240,6e-08
mata_t,134,1.01e-07
data_t,10240,5e-08
wait_t,1,5.19e-06
wait_t,1,4e-07
wait_t,1,2.41e-07
wait_t,1,6.91e-07
mata_t,134,6e-08
data_t,10240,4e-07
mata_t,135,9e-08
data_t,10240,1.4e-07
mata_t,135,7e-08
data_t,10240,7e-08
mata_t,135,7e-08
data_t,10240,6e-08
wait_t,1,5.45e-06
wait_t,1,2.7e-07
wait_t,1,1.6e-07
wait_t,1,2.11e-07
mata_t,134,6e-08
data_t,10240,5.31e-07
mata_t,135,9e-08
data_t,10240,7.1e-08
mata_t,134,5e-08
data_t,10240,6e-08
mata_t,134,5e-08
data_t,10240,6e-08
wait_t,1,3.667e-06
wait_t,1,6.51e-07
wait_t,1,4.41e-07
wait_t,1,1.7e-07
mata_t,134,6e-08
data_t,10240,2e-07
mata_t,134,8.1e-08
data_t,10240,1.41e-07
mata_t,134,4e-08
data_t,10240,5e-08
mata_t,133,5e-08
data_t,10240,5e-08
wait_t,1,5.139e-06
wait_t,1,3.21e-07
wait_t,1,2.41e-07
wait_t,1,7.62e-07
mata_t,134,7e-08
data_t,10240,5.31e-07
mata_t,133,8e-08
data_t,10240,8e-08
mata_t,134,5e-08
data_t,10240,7e-08
mata_t,135,6e-08
data_t,10240,6e-08
wait_t,1,4.969e-06
wait_t,1,2.4e-07
wait_t,1,2.4e-07
wait_t,1,2.1e-07
mata_t,134,7e-08
data_t,10240,5.41e-07
mata_t,134,1e-07
data_t,10240,2.41e-07
mata_t,135,8e-08
data_t,10240,1.4e-07
mata_t,135,7e-08
data_t,10240,3.3e-07
wait_t,1,5.129e-06
wait_t,1,1.052e-06
wait_t,1,3.81e-07
wait_t,1,3.2e-07
mata_t,134,6e-08
data_t,10240,4.31e-07
mata_t,134,1e-07
data_t,10240,5e-08
mata_t,134,5e-08
data_t,10240,6e-08
mata_t,134,5e-08
data_t,10240,1.31e-07
wait_t,1,3.457e-06
wait_t,1,3.4e-07
wait_t,1,3e-07
wait_t,1,6.22e-07
mata_t,134,7e-08
data_t,10240,2.7e-07
mata_t,134,8e-08
data_t,10240,2.5e-07
mata_t,134,5e-08
data_t,10240,6e-08
mata_t,134,5.1e-08
data_t,10240,6e-08
wait_t,1,5.11e-06
wait_t,1,3.5e-07
wait_t,1,4.11e-07
wait_t,1,2.9e-07
mata_t,133,7e-08
data_t,10240,3.81e-07
mata_t,134,9e-08
data_t,10240,7e-08
mata_t,134,4e-08
data_t,10240,7e-08
mata_t,135,5e-08
data_t,10240,5e-08
wait_t,1,4.589e-06
wait_t,1,8.21e-07
wait_t,1,1.8e-07
wait_t,1,3.31e-07
mata_t,135,1.3e-07
data_t,10240,5.21e-07
mata_t,134,8e-08
data_t,10240,7e-08
mata_t,135,5e-08
data_t,10240,6e-08
mata_t,135,1.2e-07
data_t,10240,1.3e-07
wait_t,1,5.18e-06
wait_t,1,3.01e-07
wait_t,1,2.31e-07
wait_t,1,7.11e-07
mata_t,134,8e-08
data_t,10240,5.31e-07
mata_t,134,1.1e-07
data_t,10240,6e-08
mata_t,133,6e-08
data_t,10240,6e-08
mata_t,134,5e-08
data_t,10240,1.4e-07
wait_t,1,3.196e-06
wait_t,1,2.91e-07
wait_t,1,1.81e-07
wait_t,1,1.91e-07
mata_t,134,7e-08
data_t,10240,5.21e-07
mata_t,134,5e-08
data_t,10240,5e-08
mata_t,133,5e-08
data_t,10240,6e-08
mata_t,134,5e-08
data_t,10240,1.4e-07
wait_t,1,5.17e-06
wait_t,1,9.81e-07
wait_t,1,1.6e-07
wait_t,1,1.7e-07
mata_t,134,7e-08
data_t,10240,5.41e-07
mata_t,133,1.1e-07
data_t,10240,6e-08
mata_t,134,5e-08
data_t,10240,1.41e-07
mata_t,135,6e-08
data_t,10240,2.21e-07
wait_t,1,5.1e-06
wait_t,1,3.01e-07
wait_t,1,2.31e-07
wait_t,1,7.01e-07
mata_t,135,7e-08
data_t,10240,4.31e-07
mata_t,133,8.1e-08
data_t,10240,7e-08
mata_t,134,5e-08
data_t,10240,5e-08
mata_t,134,6e-08
data_t,10240,5e-08
wait_t,1,4.959e-06
wait_t,1,2.51e-07
wait_t,1,2.31e-07
wait_t,1,2.41e-07
mata_t,134,6e-08
data_t,10240,3.91e-07
mata_t,135,8e-08
data_t,10240,2.4e-07
mata_t,134,7e-08
data_t,10240,6e-08
mata_t,134,6e-08
data_t,10240,6e-08
wait_t,1,4.278e-06
wait_t,1,8.21e-07
wait_t,1,2.5e-07
wait_t,1,2.2e-07
mata_t,134,6e-08
data_t,10240,2e-07
mata_t,134,8e-08
data_t,10240,2.31e-07
mata_t,134,7e-08
data_t,10240,6e-08
mata_t,133,5e-08
data_t,10240,1.31e-07
wait_t,1,5.29e-06
wait_t,1,3.31e-07
wait_t,1,1.8e-07
wait_t,1,7.21e-07
mata_t,134,7e-08
data_t,10240,3.81e-07
mata_t,134,8e-08
data_t,10240,1.5e-07
mata_t,133,1.2e-07
data_t,10240,5e-08
mata_t,135,4e-08
data_t,10240,5e-08
wait_t,1,5.34e-06
wait_t,1,2.81e-07
wait_t,1,1.7e-07
wait_t,1,2.9e-07
mata_t,135,7e-08
data_t,10240,3.81e-07
mata_t,135,8e-08
data_t,10240,8e-08
mata_t,134,8.1e-08
data_t,10240,1.4e-07
mata_t,134,4e-08
data_t,10240,5e-08
wait_t,1,5.37e-06
wait_t,1,8.71e-07
wait_t,1,1.6e-07
wait_t,1,5.11e-07
mata_t,134,7e-08
data_t,10240,3.91e-07
mata_t,134,1.4e-07
data_t,10240,1.71e-07
mata_t,134,5e-08
data_t,10240,2.31e-07
mata_t,134,4.6e-07
data_t,10240,1.3e-07
wait_t,1,3.687e-06
wait_t,1,2.8e-07
wait_t,1,3.51e-07
wait_t,1,5.31e-07
mata_t,134,8e-08
data_t,10240,1.9e-07
mata_t,133,5e-08
data_t,10240,7e-08
mata_t,134,5e-08
data_t,10240,1.3e-07
mata_t,134,6e-08
data_t,10240,6e-08
wait_t,1,4.809e-06
wait_t,1,2.81e-07
wait_t,1,2.4e-07
wait_t,1,2.11e-07
mata_t,132,6e-08
data_t,10240,4.11e-07
mata_t,134,7e-08
data_t,10240,1.5e-07
mata_t,133,7e-08
data_t,10240,7e-08
mata_t,134,5e-08
data_t,10240,5e-08
wait_t,1,4.629e-06
wait_t,1,8.72e-07
wait_t,1,2.31e-07
wait_t,1,3.71e-07
mata_t,135,7e-08
data_t,10240,3.81e-07
mata_t,135,9.1e-08
data_t,10240,2.9e-07
mata_t,135,5e-08
data_t,10240,6e-08
mata_t,134,5.1e-08
data_t,10240,2.21e-07
wait_t,1,5.31e-06
wait_t,1,8.12e-07
wait_t,1,1.6e-07
wait_t,1,5.92e-07
mata_t,134,7e-08
data_t,10240,4.31e-07
mata_t,134,1e-07
data_t,10240,7e-08
mata_t,133,4e-08
data_t,10240,1.31e-07
mata_t,134,5e-08
data_t,10240,5e-08
wait_t,1,2.996e-06
wait_t,1,3.8e-07
wait_t,1,2.2e-07
wait_t,1,2.1e-07
mata_t,134,6e-08
data_t,10240,3.4e-07
mata_t,134,1e-07
data_t,10240,6e-08
mata_t,132,6e-08
data_t,10240,2.31e-07
mata_t,134,7e-08
data_t,10240,5e-08
wait_t,1,5.31e-06
wait_t,1,1.423e-06
wait_t,1,1.61e-07
wait_t,1,2.6e-07
mata_t,134,7e-08
data_t,10240,8.82e-07
mata_t,133,1e-07
data_t,10240,2.3e-07
mata_t,134,5e-08
data_t,10240,6e-08
mata_t,134,4e-08
data_t,10240,6e-08
wait_t,1,5.37e-06
wait_t,1,5.41e-07
wait_t,1,2.21e-07
wait_t,1,6.81e-07
mata_t,134,7e-08
data_t,10240,3.81e-07
mata_t,135,8e-08
data_t,10240,2.4e-07
mata_t,135,6e-08
data_t,10240,6e-08
mata_t,135,5e-08
data_t,10240,6e-08
wait_t,1,5.41e-06
wait_t,1,2.91e-07
wait_t,1,1.5e-07
wait_t,1,2.61e-07
mata_t,134,7e-08
data_t,10240,3.9e-07
mata_t,134,9e-08
data_t,10240,2.41e-07
mata_t,134,7e-08
data_t,10240,7e-08
mata_t,134,8e-08
data_t,10240,5e-08
wait_t,1,3.307e-06
wait_t,1,6.71e-07
wait_t,1,2.6e-07
wait_t,1,1.8e-07
mata_t,134,1e-07
data_t,10240,4.91e-07
mata_t,134,5e-08
data_t,10240,2.4e-07
mata_t,134,7e-08
data_t,10240,1.51e-07
mata_t,134,7e-08
data_t,10240,6e-08
wait_t,1,5.23e-06
wait_t,1,2.91e-07
wait_t,1,2.8e-07
wait_t,1,7.42e-07
mata_t,134,1.6e-07
data_t,10240,4.41e-07
mata_t,134,1.1e-07
data_t,10240,2.91e-07
mata_t,134,7e-08
data_t,10240,8e-08
mata_t,134,9e-08
data_t,10240,7.1e-08
wait_t,1,5.09e-06
wait_t,1,3.01e-07
wait_t,1,2.21e-07
wait_t,1,2.2e-07
mata_t,134,6e-08
data_t,10240,8.22e-07
mata_t,134,1e-07
data_t,10240,3.8e-07
mata_t,135,6e-08
data_t,10240,1.41e-07
mata_t,135,4e-08
data_t,10240,1.3e-07
wait_t,1,4.709e-06
wait_t,1,7.92e-07
wait_t,1,3.1e-07
wait_t,1,2e-07
mata_t,133,7e-08
data_t,10240,5.31e-07
mata_t,135,1.1e-07
data_t,10240,6e-08
mata_t,134,5e-08
data_t,10240,6e-08
mata_t,134,5e-08
data_t,10240,6e-08
wait_t,1,3.446e-06
wait_t,1,4.41e-07
wait_t,1,1.9e-07
wait_t,1,6.71e-07
mata_t,134,7.1e-08
data_t,10240,3.51e-07
mata_t,134,9e-08
data_t,10240,6e-08
mata_t,134,6e-08
data_t,10240,1.3e-07
mata_t,134,7e-08
data_t,10240,5e-08
wait_t,1,5.18e-06
wait_t,1,2.3e-07
wait_t,1,2.6e-07
wait_t,1,2.1e-07
mata_t,133,7e-08
data_t,10240,4.21e-07
mata_t,134,1e-07
data_t,10240,8e-08
mata_t,134,1.61e-07
data_t,10240,1.3e-07
mata_t,135,5e-08
data_t,10240,5e-08
wait_t,1,4.849e-06
wait_t,1,9.32e-07
wait_t,1,2.3e-07
wait_t,1,1.5e-07
mata_t,135,7e-08
data_t,10240,5.21e-07
mata_t,134,1.1e-07
data_t,10240,6e-08
mata_t,134,5e-08
data_t,10240,5e-08
mata_t,135,5e-08
data_t,10240,1.3e-07
wait_t,1,5.029e-06
wait_t,1,3e-07
wait_t,1,1.6e-07
wait_t,1,6.81e-07
mata_t,134,7e-08
data_t,10240,3.81e-07
mata_t,134,1.11e-07
data_t,10240,6e-08
mata_t,134,5e-08
data_t,10240,6.1e-08
mata_t,134,5e-08
data_t,10240,6e-08
wait_t,1,3.276e-06
wait_t,1,3.21e-07
wait_t,1,2.51e-07
wait_t,1,2.7e-07
mata_t,133,8e-08
data_t,10240,4.2e-07
mata_t,134,6e-08
data_t,10240,3.1e-07
mata_t,133,6e-08
data_t,10240,5e-08
mata_t,133,5e-08
data_t,10240,1.3e-07
wait_t,1,5.27e-06
wait_t,1,1.102e-06
wait_t,1,4.51e-07
wait_t,1,1.41e-07
mata_t,134,7.1e-08
data_t,10240,3.81e-07
mata_t,132,7e-08
data_t,10240,7e-08
mata_t,133,5e-08
data_t,10240,1.5e-07
mata_t,135,5e-08
data_t,10240,5e-08
wait_t,1,5.721e-06
wait_t,1,3.4e-07
wait_t,1,1.5e-07
wait_t,1,6.91e-07
mata_t,135,6.1e-08
data_t,10240,4.1e-07
mata_t,134,1.1e-07
data_t,10240,2.41e-07
mata_t,134,5.1e-08
data_t,10240,6e-08
mata_t,134,5e-08
data_t,10240,2.21e-07
wait_t,1,4.749e-06
wait_t,1,4.7e-07
wait_t,1,3.5e-07
wait_t,1,1.91e-07
mata_t,134,7e-08
data_t,10240,4.31e-07
mata_t,134,1.1e-07
data_t,10240,8e-08
mata_t,134,5e-08
data_t,10240,6e-08
mata_t,134,5e-08
data_t,10240,1.3e-07
wait_t,1,4.028e-06
wait_t,1,8.11e-07
wait_t,1,3.31e-07
wait_t,1,2.81e-07
mata_t,134,6e-08
data_t,10240,3.01e-07
mata_t,134,1.1e-07
data_t,10240,6e-08
mata_t,134,6e-08
data_t,10240,5e-08
mata_t,134,8.1e-08
data_t,10240,5e-08
wait_t,1,5.2e-06
wait_t,1,2.91e-07
wait_t,1,2.31e-07
wait_t,1,9.02e-07
mata_t,134,7e-08
data_t,10240,4.31e-07
mata_t,134,1.1e-07
data_t,10240,8.1e-08
mata_t,134,6e-08
data_t,10240,1.5e-07
mata_t,134,1.2e-07
data_t,10240,1.3e-07
wait_t,1,5.229e-06
wait_t,1,2.8e-07
wait_t,1,2.3e-07
wait_t,1,2.2e-07
mata_t,135,6.1e-08
data_t,10240,5.31e-07
mata_t,135,1e-07
data_t,10240,7e-08
mata_t,134,6.1e-08
data_t,10240,1.4e-07
mata_t,134,6.1e-08
data_t,10240,5e-08
wait_t,1,4.769e-06
wait_t,1,1.012e-06
wait_t,1,2.21e-07
wait_t,1,3.11e-07
mata_t,134,7e-08
data_t,10240,7.81e-07
mata_t,135,9e-08
data_t,10240,7e-08
mata_t,133,5e-08
data_t,10240,1.4e-07
mata_t,134,4.1e-08
data_t,10240,6e-08
wait_t,1,3.907e-06
wait_t,1,3.31e-07
wait_t,1,1.5e-07
wait_t,1,7.21e-07
mata_t,134,7.1e-08
data_t,10240,2.7e-07
mata_t,134,1.1e-07
data_t,10240,6e-08
mata_t,134,6e-08
data_t,10240,6e-08
mata_t,134,8e-08
data_t,10240,1.4e-07
wait_t,1,5.019e-06
wait_t,1,3.31e-07
wait_t,1,1.5e-07
wait_t,1,2.51e-07
mata_t,133,7e-08
data_t,10240,5.31e-07
mata_t,134,1.01e-07
data_t,10240,7e-08
mata_t,134,7e-08
data_t,10240,2.4e-07
mata_t,134,7e-08
data_t,10240,1.3e-07
wait_t,1,5.34e-06
wait_t,1,1.002e-06
wait_t,1,1.51e-07
wait_t,1,1.6e-07
mata_t,135,1.4e-07
data_t,10240,3.8e-07
mata_t,135,9e-08
data_t,10240,7e-08
mata_t,135,5e-08
data_t,10240,6e-08
mata_t,134,6.1e-08
data_t,10240,6e-08
wait_t,1,5.1e-06
wait_t,1,2.9e-07
wait_t,1,1.9e-07
wait_t,1,6.61e-07
mata_t,133,8e-08
data_t,10240,3.71e-07
mata_t,135,8.1e-08
data_t,10240,2.41e-07
mata_t,134,5e-08
data_t,10240,8.1e-08
mata_t,134,4e-08
data_t,10240,2.1e-07
wait_t,1,1.2103e-05
wait_t,1,3.31e-07
wait_t,1,3.41e-07
wait_t,1,1.9e-07
mata_t,134,7e-08
data_t,10240,2e-07
mata_t,134,1.01e-07
data_t,10240,6e-08
mata_t,133,8e-08
data_t,10240,5e-08
mata_t,134,5e-08
data_t,10240,1.3e-07
wait_t,1,5.159e-06
wait_t,1,1.012e-06
wait_t,1,2.31e-07
wait_t,1,3.31e-07
mata_t,135,9e-08
data_t,10240,4e-07
mata_t,135,1e-07
data_t,10240,8e-08
mata_t,136,6e-08
data_t,10240,7.1e-08
mata_t,135,6e-08
data_t,10240,5e-08
wait_t,1,5.059e-06
wait_t,1,3.3e-07
wait_t,1,1.9e-07
wait_t,1,9.72e-07
mata_t,135,7e-08
data_t,10240,3.91e-07
mata_t,135,8e-08
data_t,10240,4.11e-07
mata_t,136,6e-08
data_t,10240,6e-08
mata_t,136,5e-08
data_t,10240,1.3e-07
wait_t,1,4.969e-06
wait_t,1,2.61e-07
wait_t,1,2e-07
wait_t,1,2.11e-07
mata_t,135,7.1e-08
data_t,10240,5.31e-07
mata_t,135,1e-07
data_t,10240,6e-08
mata_t,135,5e-08
data_t,10240,5e-08
mata_t,135,5e-08
data_t,10240,6e-08
wait_t,1,3.587e-06
wait_t,1,9.12e-07
wait_t,1,2.51e-07
wait_t,1,2.1e-07
mata_t,135,9e-08
data_t,10240,2.41e-07
mata_t,135,6e-08
data_t,10240,1.3e-07
mata_t,135,7e-08
data_t,10240,6e-08
mata_t,135,5e-08
data_t,10240,6e-08
wait_t,1,4.929e-06
wait_t,1,2.6e-07
wait_t,1,2.2e-07
wait_t,1,7.41e-07
mata_t,135,8e-08
data_t,10240,5.31e-07
mata_t,135,9e-08
data_t,10240,8e-08
mata_t,136,5e-08
data_t,10240,7e-08
mata_t,136,6e-08
data_t,10240,1.41e-07
wait_t,1,5.269e-06
wait_t,1,2.61e-07
wait_t,1,1.9e-07
wait_t,1,1.51e-07
mata_t,135,7e-08
data_t,10240,5.31e-07
mata_t,135,1.1e-07
data_t,10240,8e-08
mata_t,136,1.3e-07
data_t,10240,5e-08
mata_t,136,5e-08
data_t,10240,2.3e-07
wait_t,1,5.54e-06
wait_t,1,7.92e-07
wait_t,1,2.81e-07
wait_t,1,2.91e-07
mata_t,135,8.1e-08
data_t,10240,7.31e-07
mata_t,135,8e-08
data_t,10240,7e-08
mata_t,135,4e-08
data_t,10240,6e-08
mata_t,135,5e-08
data_t,10240,5e-08
wait_t,1,4.098e-06
wait_t,1,3.2e-07
wait_t,1,1.8e-07
wait_t,1,6.81e-07
mata_t,135,6e-08
data_t,10240,3.71e-07
mata_t,135,1.1e-07
data_t,10240,2.4e-07
mata_t,135,7e-08
data_t,10240,1.5e-07
mata_t,135,6e-08
data_t,10240,1.8e-07
wait_t,1,5.471e-06
wait_t,1,6.91e-07
wait_t,1,1.8e-07
wait_t,1,2e-07
mata_t,134,7e-08
data_t,10240,5.21e-07
mata_t,135,9e-08
data_t,10240,2.3e-07
mata_t,136,6e-08
data_t,10240,6e-08
mata_t,136,5e-08
data_t,10240,5e-08
wait_t,1,5.31e-06
wait_t,1,1.062e-06
wait_t,1,1.5e-07
wait_t,1,1.91e-07
mata_t,136,7e-08
data_t,10240,4e-07
mata_t,135,9e-08
data_t,10240,2.7e-07
mata_t,135,5e-08
data_t,10240,6.1e-08
mata_t,136,6e-08
data_t,10240,4.61e-07
wait_t,1,5.21e-06
wait_t,1,2.81e-07
wait_t,1,2.31e-07
wait_t,1,7.12e-07
mata_t,134,7.1e-08
data_t,10240,3.81e-07
mata_t,136,8e-08
data_t,10240,2.4e-07
mata_t,135,7e-08
data_t,10240,5e-08
mata_t,134,6e-08
data_t,10240,1.3e-07
wait_t,1,3.456e-06
wait_t,1,3.1e-07
wait_t,1,2.1e-07
wait_t,1,1.9e-07
mata_t,135,7e-08
data_t,10240,4.31e-07
mata_t,135,7e-08
data_t,10240,2.31e-07
mata_t,135,6e-08
data_t,10240,6e-08
mata_t,134,5e-08
data_t,10240,5e-08
wait_t,1,4.659e-06
wait_t,1,8.72e-07
wait_t,1,3.1e-07
wait_t,1,2.1e-07
mata_t,135,7e-08
data_t,10240,6.82e-07
mata_t,135,9e-08
data_t,10240,2.51e-07
mata_t,135,4e-08
data_t,10240,6.1e-08
mata_t,136,9e-08
data_t,10240,5e-08
wait_t,1,5.03e-06
wait_t,1,2.9e-07
wait_t,1,1.6e-07
wait_t,1,1.302e-06
mata_t,136,7e-08
data_t,10240,5.31e-07
mata_t,136,8e-08
data_t,10240,2.4e-07
mata_t,135,4e-08
data_t,10240,6e-08
mata_t,134,5e-08
data_t,10240,1.31e-07
wait_t,1,5.42e-06
wait_t,1,2.9e-07
wait_t,1,1.8e-07
wait_t,1,2.61e-07
mata_t,135,6e-08
data_t,10240,4.61e-07
mata_t,136,7e-08
data_t,10240,6e-08
mata_t,135,7e-08
data_t,10240,6.1e-08
mata_t,135,6e-08
data_t,10240,5e-08
wait_t,1,3.246e-06
wait_t,1,8.32e-07
wait_t,1,2.6e-07
wait_t,1,1.8e-07
mata_t,135,7.1e-08
data_t,10240,3.71e-07
mata_t,135,9e-08
data_t,10240,6e-08
mata_t,135,6e-08
data_t,10240,2.71e-07
mata_t,135,6e-08
data_t,10240,5e-08
wait_t,1,5.119e-06
wait_t,1,3.11e-07
wait_t,1,1.6e-07
wait_t,1,7.41e-07
mata_t,135,6e-08
data_t,10240,5.21e-07
mata_t,135,9e-08
data_t,10240,2.51e-07
mata_t,135,5e-08
data_t,10240,6e-08
mata_t,136,8e-08
data_t,10240,6e-08
wait_t,1,5.26e-06
wait_t,1,6.42e-07
wait_t,1,2.71e-07
wait_t,1,1.91e-07
mata_t,136,6e-08
data_t,10240,3.8e-07
mata_t,136,8.1e-08
data_t,10240,8.1e-08
mata_t,135,5e-08
data_t,10240,5e-08
mata_t,135,8.1e-08
data_t,10240,6e-08
wait_t,1,5.31e-06
wait_t,1,8.11e-07
wait_t,1,1.8e-07
wait_t,1,1.5e-07
mata_t,135,6e-08
data_t,10240,3.81e-07
mata_t,135,9e-08
data_t,10240,4.91e-07
mata_t,135,5e-08
data_t,10240,2.31e-07
mata_t,135,5e-08
data_t,10240,1.3e-07
wait_t,1,3.296e-06
wait_t,1,3.2e-07
wait_t,1,1.7e-07
wait_t,1,6.71e-07
mata_t,135,7e-08
data_t,10240,2.7e-07
mata_t,135,5e-08
data_t,10240,6e-08
mata_t,135,5e-08
data_t,10240,1.3e-07
mata_t,135,5e-08
data_t,10240,6e-08
wait_t,1,5.26e-06
wait_t,1,3e-07
wait_t,1,2.81e-07
wait_t,1,2.11e-07
mata_t,135,8e-08
data_t,10240,3.8e-07
mata_t,135,1.1e-07
data_t,10240,1.5e-07
mata_t,135,8e-08
data_t,10240,5.1e-08
mata_t,135,8e-08
data_t,10240,5e-08
wait_t,1,5.25e-06
wait_t,1,8.41e-07
wait_t,1,2.01e-07
wait_t,1,1.5e-07
mata_t,135,7e-08
data_t,10240,3.81e-07
mata_t,136,8e-08
data_t,10240,1.71e-07
mata_t,136,5e-08
data_t,10240,6e-08
mata_t,136,5e-08
data_t,10240,2.2e-07
wait_t,1,4.97e-06
wait_t,1,3.8e-07
wait_t,1,2.2e-07
wait_t,1,6.61e-07
mata_t,135,7e-08
data_t,10240,4.31e-07
mata_t,135,1.41e-07
data_t,10240,1.4e-07
mata_t,135,6e-08
data_t,10240,1.5e-07
mata_t,135,6e-08
data_t,10240,1.3e-07
wait_t,1,3.817e-06
wait_t,1,5.71e-07
wait_t,1,2.4e-07
wait_t,1,2.6e-07
mata_t,135,1.61e-07
data_t,10240,2.01e-07
mata_t,135,5e-08
data_t,10240,6.1e-08
mata_t,135,5e-08
data_t,10240,6e-08
mata_t,134,8e-08
data_t,10240,6e-08
wait_t,1,5.14e-06
wait_t,1,8.61e-07
wait_t,1,2.4e-07
wait_t,1,1.61e-07
mata_t,135,7e-08
data_t,10240,3.81e-07
mata_t,134,9e-08
data_t,10240,7e-08
mata_t,136,5e-08
data_t,10240,7e-08
mata_t,136,6.1e-08
data_t,10240,6e-08
wait_t,1,5.771e-06
wait_t,1,3.4e-07
wait_t,1,2.11e-07
wait_t,1,7.41e-07
mata_t,135,7e-08
data_t,10240,4.01e-07
mata_t,135,8e-08
data_t,10240,1.7e-07
mata_t,136,6e-08
data_t,10240,7e-08
mata_t,136,5e-08
data_t,10240,6e-08
wait_t,1,5.21e-06
wait_t,1,5.41e-07
wait_t,1,1.6e-07
wait_t,1,2e-07
mata_t,134,6e-08
data_t,10240,3.91e-07
mata_t,136,1.01e-07
data_t,10240,2.31e-07
mata_t,135,5e-08
data_t,10240,6e-08
mata_t,135,4e-08
data_t,10240,5e-08
wait_t,1,3.657e-06
wait_t,1,6.71e-07
wait_t,1,5.41e-07
wait_t,1,4.7e-07
mata_t,135,7e-08
data_t,10240,2.1e-07
mata_t,135,9.1e-08
data_t,10240,8e-08
mata_t,135,7e-08
data_t,10240,1.51e-07
mata_t,135,6e-08
data_t,10240,4.61e-07
wait_t,1,5.44e-06
wait_t,1,2.7e-07
wait_t,1,5.41e-07
wait_t,1,7.31e-07
mata_t,134,7e-08
data_t,10240,5.31e-07
mata_t,135,1.11e-07
data_t,10240,1.4e-07
mata_t,136,5e-08
data_t,10240,8e-08
mata_t,136,1.3e-07
data_t,10240,5e-08
wait_t,1,5.109e-06
wait_t,1,2.81e-07
wait_t,1,1.61e-07
wait_t,1,1.9e-07
mata_t,136,7e-08
data_t,10240,5.31e-07
mata_t,135,9e-08
data_t,10240,2.4e-07
mata_t,135,5e-08
data_t,10240,1.41e-07
mata_t,136,5e-08
data_t,10240,5e-08
wait_t,1,5.159e-06
wait_t,1,7.51e-07
wait_t,1,2.2e-07
wait_t,1,1.9e-07
mata_t,135,7e-08
data_t,10240,3.81e-07
mata_t,135,9e-08
data_t,10240,6e-08
mata_t,135,5e-08
data_t,10240,1.4e-07
mata_t,135,8.1e-08
data_t,10240,5e-08
wait_t,1,3.416e-06
wait_t,1,2.8e-07
wait_t,1,2.4e-07
wait_t,1,6.01e-07
mata_t,135,6e-08
data_t,10240,2.01e-07
mata_t,135,1.5e-07
data_t,10240,7e-08
mata_t,135,5e-08
data_t,10240,6e-08
mata_t,135,5e-08
data_t,10240,1.4e-07
wait_t,1,5.48e-06
wait_t,1,2.71e-07
wait_t,1,1.8e-07
wait_t,1,2.01e-07
mata_t,135,6.1e-08
data_t,10240,3.71e-07
mata_t,134,8e-08
data_t,10240,8e-08
mata_t,135,5e-08
data_t,10240,1.41e-07
mata_t,136,5e-08
data_t,10240,5e-08
wait_t,1,5.38e-06
wait_t,1,7.31e-07
wait_t,1,2.9e-07
wait_t,1,1.7e-07
mata_t,136,6e-08
data_t,10240,3.81e-07
mata_t,134,8.1e-08
data_t,10240,6e-08
mata_t,135,6e-08
data_t,10240,6e-08
mata_t,135,7e-08
data_t,10240,1.31e-07
wait_t,1,5.06e-06
wait_t,1,3e-07
wait_t,1,2.8e-07
wait_t,1,7.61e-07
mata_t,135,7e-08
data_t,10240,3.91e-07
mata_t,135,9e-08
data_t,10240,7e-08
mata_t,135,6e-08
data_t,10240,5.1e-08
mata_t,135,6e-08
data_t,10240,5e-08
wait_t,1,3.276e-06
wait_t,1,3.31e-07
wait_t,1,1.7e-07
wait_t,1,2e-07
mata_t,135,7e-08
data_t,10240,4.21e-07
mata_t,134,5e-08
data_t,10240,6e-08
mata_t,135,6e-08
data_t,10240,6e-08
mata_t,134,7e-08
data_t,10240,1.31e-07
wait_t,1,5.06e-06
wait_t,1,7.82e-07
wait_t,1,2.61e-07
wait_t,1,1.5e-07
mata_t,135,7e-08
data_t,10240,4.41e-07
mata_t,135,1e-07
data_t,10240,7e-08
mata_t,135,6e-08
data_t,10240,1.3e-07
mata_t,136,6e-08
data_t,10240,5e-08
wait_t,1,5.661e-06
wait_t,1,3.1e-07
wait_t,1,2.21e-07
wait_t,1,7.61e-07
mata_t,136,7e-08
data_t,10240,5.41e-07
mata_t,136,2.1e-07
data_t,10240,9e-08
mata_t,135,5e-08
data_t,10240,6e-08
mata_t,135,5e-08
data_t,10240,2.2e-07
wait_t,1,4.9e-06
wait_t,1,4.41e-07
wait_t,1,2.3e-07
wait_t,1,1.91e-07
mata_t,135,6.1e-08
data_t,10240,4.31e-07
mata_t,136,8e-08
data_t,10240,6e-08
mata_t,135,6e-08
data_t,10240,6e-08
mata_t,135,7.1e-08
data_t,10240,5e-08
wait_t,1,3.777e-06
wait_t,1,8.11e-07
wait_t,1,3.1e-07
wait_t,1,2.11e-07
mata_t,135,7e-08
data_t,10240,3.51e-07
mata_t,135,9e-08
data_t,10240,2.4e-07
mata_t,135,6.1e-08
data_t,10240,1.3e-07
mata_t,135,4e-08
data_t,10240,1.61e-07
wait_t,1,4.879e-06
wait_t,1,3.11e-07
wait_t,1,1.5e-07
wait_t,1,1.022e-06
mata_t,133,7e-08
data_t,10240,5.41e-07
mata_t,135,7e-08
data_t,10240,2.2e-07
mata_t,135,6e-08
data_t,10240,5e-08
mata_t,135,5e-08
data_t,10240,6e-08
wait_t,1,5.2e-06
wait_t,1,2.51e-07
wait_t,1,2.2e-07
wait_t,1,2.2e-07
mata_t,136,7e-08
data_t,10240,5.71e-07
mata_t,136,1.1e-07
data_t,10240,2.51e-07
mata_t,136,5e-08
data_t,10240,5e-08
mata_t,135,8e-08
data_t,10240,1.3e-07
wait_t,1,5.53e-06
wait_t,1,8.41e-07
wait_t,1,2e-07
wait_t,1,1.51e-07
mata_t,134,8e-08
data_t,10240,5.31e-07
mata_t,136,3.91e-07
data_t,10240,4.01e-07
mata_t,135,5e-08
data_t,10240,6e-08
mata_t,135,7e-08
data_t,10240,1.41e-07
wait_t,1,3.537e-06
wait_t,1,3.31e-07
wait_t,1,3.3e-07
wait_t,1,6.12e-07
mata_t,134,9e-08
data_t,10240,2.01e-07
mata_t,135,7e-08
data_t,10240,2.5e-07
mata_t,133,5e-08
data_t,10240,5e-08
mata_t,134,6e-08
data_t,10240,5e-08
wait_t,1,4.899e-06
wait_t,1,2.4e-07
wait_t,1,2.81e-07
wait_t,1,2.71e-07
mata_t,135,6e-08
data_t,10240,3.7e-07
mata_t,134,9e-08
data_t,10240,2.4e-07
mata_t,136,7e-08
data_t,10240,6e-08
mata_t,135,6e-08
data_t,10240,5e-08
wait_t,1,5.15e-06
wait_t,1,8.32e-07
wait_t,1,2.21e-07
wait_t,1,2.7e-07
mata_t,135,7.1e-08
data_t,10240,3.81e-07
mata_t,136,8e-08
data_t,10240,8e-08
mata_t,136,1.71e-07
data_t,10240,6e-08
mata_t,136,6e-08
data_t,10240,5e-08
wait_t,1,5.049e-06
wait_t,1,3e-07
wait_t,1,1.6e-07
wait_t,1,7.61e-07
mata_t,135,8e-08
data_t,10240,6.01e-07
mata_t,135,1.1e-07
data_t,10240,8e-08
mata_t,135,7.1e-08
data_t,10240,7e-08
mata_t,135,8e-08
data_t,10240,8e-08
wait_t,1,3.877e-06
wait_t,1,3.61e-07
wait_t,1,1.8e-07
wait_t,1,2e-07
mata_t,135,7e-08
data_t,10240,4.21e-07
mata_t,134,7e-08
data_t,10240,7e-08
mata_t,135,9e-08
data_t,10240,1.4e-07
mata_t,135,6e-08
data_t,10240,5e-08
wait_t,1,5.179e-06
wait_t,1,7.51e-07
wait_t,1,2.7e-07
wait_t,1,1.5e-07
mata_t,135,7e-08
data_t,10240,3.81e-07
mata_t,135,9e-08
data_t,10240,8e-08
mata_t,136,5e-08
data_t,10240,6e-08
mata_t,136,4e-08
data_t,10240,5e-08
wait_t,1,5.761e-06
wait_t,1,3.41e-07
wait_t,1,1.81e-07
wait_t,1,7.31e-07
mata_t,135,7e-08
data_t,10240,3.7e-07
mata_t,135,9e-08
data_t,10240,2.4e-07
mata_t,136,5e-08
data_t,10240,1.3e-07
mata_t,136,5e-08
data_t,10240,7e-08
wait_t,1,5.01e-06
wait_t,1,2.3e-07
wait_t,1,1.9e-07
wait_t,1,2.11e-07
mata_t,135,7e-08
data_t,10240,8.22e-07
mata_t,135,8e-08
data_t,10240,8e-08
mata_t,135,5e-08
data_t,10240,6e-08
mata_t,135,4e-08
data_t,10240,5e-08
wait_t,1,3.176e-06
wait_t,1,8.11e-07
wait_t,1,2.9e-07
wait_t,1,6.01e-07
mata_t,135,6e-08
data_t,10240,2.6e-07
mata_t,135,9e-08
data_t,10240,1.5e-07
mata_t,135,7e-08
data_t,10240,6e-08
mata_t,135,1.2e-07
data_t,10240,6e-08
wait_t,1,5.11e-06
wait_t,1,3.2e-07
wait_t,1,2e-07
wait_t,1,7.21e-07
mata_t,134,6e-08
data_t,10240,8.12e-07
mata_t,135,1.5e-07
data_t,10240,6e-08
mata_t,136,5e-08
data_t,10240,7e-08
mata_t,136,5e-08
data_t,10240,6e-08
wait_t,1,5.35e-06
wait_t,1,2.51e-07
wait_t,1,1.8e-07
wait_t,1,2.8e-07
mata_t,136,7e-08
data_t,10240,4.01e-07
mata_t,135,8e-08
data_t,10240,7e-08
mata_t,135,6e-08
data_t,10240,5e-08
mata_t,136,4e-08
data_t,10240,2.6e-07
wait_t,1,5.139e-06
wait_t,1,7.72e-07
wait_t,1,2.4e-07
wait_t,1,3.31e-07
mata_t,134,7e-08
data_t,10240,4.4e-07
mata_t,136,1.01e-07
data_t,10240,7e-08
mata_t,135,6.1e-08
data_t,10240,1.4e-07
mata_t,134,6.1e-08
data_t,10240,1.3e-07
wait_t,1,3.807e-06
wait_t,1,3.41e-07
wait_t,1,1.5e-07
wait_t,1,7.41e-07
mata_t,134,7.1e-08
data_t,10240,2.81e-07
mata_t,135,1.1e-07
data_t,10240,8e-08
mata_t,134,6e-08
data_t,10240,6e-08
mata_t,134,5e-08
data_t,10240,5e-08
wait_t,1,5.14e-06
wait_t,1,3.6e-07
wait_t,1,2.3e-07
wait_t,1,1.5e-07
mata_t,135,1.3e-07
data_t,10240,4.11e-07
mata_t,133,9e-08
data_t,10240,6e-08
mata_t,135,4e-08
data_t,10240,1.5e-07
mata_t,136,4e-08
data_t,10240,1.3e-07
wait_t,1,4.969e-06
wait_t,1,1.182e-06
wait_t,1,2.01e-07
wait_t,1,1.61e-07
mata_t,136,8e-08
data_t,10240,5.31e-07
mata_t,136,9e-08
data_t,10240,8e-08
mata_t,135,5e-08
data_t,10240,6e-08
mata_t,135,5e-08
data_t,10240,5e-08
wait_t,1,5.209e-06
wait_t,1,3.51e-07
wait_t,1,2.31e-07
wait_t,1,7.21e-07
mata_t,135,7e-08
data_t,10240,3.91e-07
mata_t,136,1.1e-07
data_t,10240,2.4e-07
mata_t,135,5e-08
data_t,10240,1.4e-07
mata_t,135,5e-08
data_t,10240,5.1e-08
wait_t,1,3.125e-06
wait_t,1,2.31e-07
wait_t,1,1.9e-07
wait_t,1,2.2e-07
mata_t,135,6e-08
data_t,10240,1.3e-07
mata_t,134,5e-08
data_t,10240,6e-08
mata_t,135,5e-08
data_t,10240,1.3e-07
mata_t,135,4e-08
data_t,10240,1.3e-07
wait_t,1,5.4e-06
wait_t,1,1.102e-06
wait_t,1,2.9e-07
wait_t,1,2.6e-07
mata_t,135,7e-08
data_t,10240,7.92e-07
mata_t,135,8e-08
data_t,10240,6e-08
mata_t,135,5e-08
data_t,10240,2.61e-07
mata_t,135,3e-08
data_t,10240,1.3e-07
wait_t,1,4.669e-06
wait_t,1,2.5e-07
wait_t,1,2.91e-07
wait_t,1,7.52e-07
mata_t,136,6e-08
data_t,10240,3.71e-07
mata_t,136,1.1e-07
data_t,10240,6e-08
mata_t,135,5e-08
data_t,10240,6e-08
mata_t,135,5e-08
data_t,10240,5e-08
wait_t,1,4.95e-06
wait_t,1,2.81e-07
wait_t,1,1.7e-07
wait_t,1,1.9e-07
mata_t,135,6e-08
data_t,10240,3.81e-07
mata_t,135,1e-07
data_t,10240,2.5e-07
mata_t,135,8e-08
data_t,10240,7.1e-08
mata_t,135,7e-08
data_t,10240,1.4e-07
wait_t,1,3.556e-06
wait_t,1,6.81e-07
wait_t,1,2.91e-07
wait_t,1,1.61e-07
mata_t,135,6e-08
data_t,10240,2.81e-07
mata_t,135,9e-08
data_t,10240,6e-08
mata_t,135,7e-08
data_t,10240,5e-08
mata_t,135,5e-08
data_t,10240,1.5e-07
wait_t,1,5.06e-06
wait_t,1,3.71e-07
wait_t,1,2.21e-07
wait_t,1,7.02e-07
mata_t,135,7e-08
data_t,10240,3.61e-07
mata_t,135,1e-07
data_t,10240,2.41e-07
mata_t,135,1.51e-07
data_t,10240,6e-08
mata_t,135,1.31e-07
data_t,10240,5e-08
wait_t,1,5.249e-06
wait_t,1,3.1e-07
wait_t,1,3.81e-07
wait_t,1,2.1e-07
mata_t,136,7.1e-08
data_t,10240,5.31e-07
mata_t,136,1.1e-07
data_t,10240,7e-08
mata_t,136,6e-08
data_t,10240,7e-08
mata_t,136,6e-08
data_t,10240,5e-08
wait_t,1,5.159e-06
wait_t,1,7.82e-07
wait_t,1,2.1e-07
wait_t,1,2e-07
mata_t,135,7e-08
data_t,10240,3.8e-07
mata_t,135,9e-08
data_t,10240,1.7e-07
mata_t,135,6e-08
data_t,10240,2.2e-07
mata_t,134,5e-08
data_t,10240,1.3e-07
wait_t,1,3.417e-06
wait_t,1,3.31e-07
wait_t,1,1.7e-07
wait_t,1,6.32e-07
mata_t,135,7e-08
data_t,10240,2.7e-07
mata_t,135,5e-08
data_t,10240,7e-08
mata_t,135,1.5e-07
data_t,10240,1.3e-07
mata_t,134,5e-08
data_t,10240,6e-08
wait_t,1,5.06e-06
wait_t,1,3.9e-07
wait_t,1,3.2e-07
wait_t,1,2.01e-07
mata_t,135,6e-08
data_t,10240,3.81e-07
mata_t,135,7e-08
data_t,10240,2.4e-07
mata_t,136,1.3e-07
data_t,10240,6e-08
mata_t,135,1.01e-07
data_t,10240,6e-08
wait_t,1,5.53e-06
wait_t,1,1.223e-06
wait_t,1,2.6e-07
wait_t,1,2.41e-07
mata_t,135,7e-08
data_t,10240,3.8e-07
mata_t,135,8.1e-08
data_t,10240,2.91e-07
mata_t,136,5e-08
data_t,10240,1.4e-07
mata_t,136,6e-08
data_t,10240,2.2e-07
wait_t,1,5.491e-06
wait_t,1,4.41e-07
wait_t,1,4.31e-07
wait_t,1,8.92e-07
mata_t,134,7e-08
data_t,10240,5.41e-07
mata_t,136,1e-07
data_t,10240,6e-08
mata_t,135,5e-08
data_t,10240,7e-08
mata_t,135,5e-08
data_t,10240,5e-08
wait_t,1,3.687e-06
wait_t,1,4.11e-07
wait_t,1,2.2e-07
wait_t,1,3.01e-07
mata_t,135,1.1e-07
data_t,10240,3.1e-07
mata_t,135,1e-07
data_t,10240,2.5e-07
mata_t,135,6e-08
data_t,10240,4.91e-07
mata_t,135,7e-08
data_t,10240,7e-08
wait_t,1,5.069e-06
wait_t,1,9.51e-07
wait_t,1,2.3e-07
wait_t,1,1.6e-07
mata_t,135,7e-08
data_t,10240,6.32e-07
mata_t,135,9e-08
data_t,10240,2.4e-07
mata_t,136,4e-08
data_t,10240,6e-08
mata_t,136,5e-08
data_t,10240,1.3e-07
wait_t,1,5.099e-06
wait_t,1,3.11e-07
wait_t,1,2.21e-07
wait_t,1,7.01e-07
mata_t,136,7e-08
data_t,10240,5.31e-07
mata_t,135,9.1e-08
data_t,10240,8e-08
mata_t,135,5e-08
data_t,10240,1.51e-07
mata_t,136,5e-08
data_t,10240,1.3e-07
wait_t,1,5.18e-06
wait_t,1,2.3e-07
wait_t,1,2.01e-07
wait_t,1,1.9e-07
mata_t,135,7e-08
data_t,10240,3.8e-07
mata_t,135,9e-08
data_t,10240,6e-08
mata_t,135,5e-08
data_t,10240,5e-08
mata_t,135,5e-08
data_t,10240,1.3e-07
wait_t,1,3.406e-06
wait_t,1,7.01e-07
wait_t,1,3.3e-07
wait_t,1,2.21e-07
mata_t,135,7e-08
data_t,10240,3.5e-07
mata_t,135,9.1e-08
data_t,10240,2.31e-07
mata_t,135,7e-08
data_t,10240,5e-08
mata_t,135,5.1e-08
data_t,10240,5e-08
wait_t,1,5.781e-06
wait_t,1,3.31e-07
wait_t,1,2.71e-07
wait_t,1,7.91e-07
mata_t,135,7e-08
data_t,10240,3.7e-07
mata_t,135,1e-07
data_t,10240,3.21e-07
mata_t,136,5e-08
data_t,10240,7e-08
mata_t,136,6e-08
data_t,10240,5e-08
wait_t,1,5.11e-06
wait_t,1,2.41e-07
wait_t,1,1.71e-07
wait_t,1,2.01e-07
mata_t,136,7e-08
data_t,10240,3.01e-07
mata_t,135,8.1e-08
data_t,10240,8.1e-08
mata_t,135,6e-08
data_t,10240,1.5e-07
mata_t,136,5e-08
data_t,10240,1.41e-07
wait_t,1,5.14e-06
wait_t,1,8.91e-07
wait_t,1,2.4e-07
wait_t,1,1.5e-07
mata_t,135,7e-08
data_t,10240,5.21e-07
mata_t,135,8e-08
data_t,10240,6e-08
mata_t,134,5e-08
data_t,10240,6e-08
mata_t,134,5e-08
data_t,10240,7e-08
wait_t,1,3.216e-06
wait_t,1,3.01e-07
wait_t,1,1.9e-07
wait_t,1,9.12e-07
mata_t,135,8e-08
data_t,10240,6.91e-07
mata_t,135,5e-08
data_t,10240,6e-08
mata_t,135,6e-08
data_t,10240,1.31e-07
mata_t,134,7.1e-08
data_t,10240,5e-08
wait_t,1,5.521e-06
wait_t,1,2.7e-07
wait_t,1,1.9e-07
wait_t,1,1.9e-07
mata_t,135,7e-08
data_t,10240,5.41e-07
mata_t,135,1.11e-07
data_t,10240,7e-08
mata_t,135,5.1e-08
data_t,10240,1.3e-07
mata_t,136,6e-08
data_t,10240,1.3e-07
wait_t,1,4.729e-06
wait_t,1,9.82e-07
wait_t,1,3.01e-07
wait_t,1,2.71e-07
mata_t,136,7e-08
data_t,10240,3.7e-07
mata_t,136,1e-07
data_t,10240,8e-08
mata_t,135,4e-08
data_t,10240,6e-08
mata_t,134,6e-08
data_t,10240,5e-08
wait_t,1,5.45e-06
wait_t,1,3.1e-07
wait_t,1,2.21e-07
wait_t,1,1.012e-06
mata_t,135,7.1e-08
data_t,10240,4.01e-07
mata_t,135,9e-08
data_t,10240,7e-08
mata_t,135,5.1e-08
data_t,10240,6e-08
mata_t,135,5.1e-08
data_t,10240,5e-08
wait_t,1,3.366e-06
wait_t,1,3.01e-07
wait_t,1,2.3e-07
wait_t,1,2.11e-07
mata_t,135,8e-08
data_t,10240,3.61e-07
mata_t,135,8e-08
data_t,10240,6e-08
mata_t,135,5e-08
data_t,10240,7e-08
mata_t,135,8e-08
data_t,10240,2.3e-07
wait_t,1,5.56e-06
wait_t,1,1.172e-06
wait_t,1,4.2e-07
wait_t,1,2e-07
mata_t,135,7e-08
data_t,10240,3.71e-07
mata_t,135,8e-08
data_t,10240,7e-08
mata_t,135,5e-08
data_t,10240,7e-08
mata_t,135,7.1e-08
data_t,10240,1.3e-07
wait_t,1,5.61e-06
wait_t,1,5.51e-07
wait_t,1,1.6e-07
wait_t,1,8.32e-07
mata_t,136,8e-08
data_t,10240,5.41e-07
mata_t,136,9e-08
data_t,10240,6e-08
mata_t,136,7e-08
data_t,10240,5e-08
mata_t,135,5e-08
data_t,10240,2.2e-07
wait_t,1,5.24e-06
wait_t,1,2.8e-07
wait_t,1,4.71e-07
wait_t,1,3.9e-07
mata_t,134,8e-08
data_t,10240,4.71e-07
mata_t,136,1e-07
data_t,10240,7e-08
mata_t,135,5e-08
data_t,10240,6e-08
mata_t,135,5e-08
data_t,10240,2.21e-07
wait_t,1,2.975e-06
wait_t,1,7.92e-07
wait_t,1,3.01e-07
wait_t,1,1.61e-07
mata_t,135,8e-08
data_t,10240,3.41e-07
mata_t,135,8e-08
data_t,10240,6e-08
mata_t,135,7e-08
data_t,10240,6e-08
mata_t,135,6e-08
data_t,10240,5e-08
wait_t,1,4.849e-06
wait_t,1,5.61e-07
wait_t,1,1.7e-07
wait_t,1,6.82e-07
mata_t,135,7e-08
data_t,10240,3.7e-07
mata_t,135,8.1e-08
data_t,10240,7e-08
mata_t,135,5e-08
data_t,10240,5e-08
mata_t,135,5e-08
data_t,10240,5e-08
wait_t,1,5.37e-06
wait_t,1,2.3e-07
wait_t,1,1.71e-07
wait_t,1,3.41e-07
mata_t,135,7e-08
data_t,10240,4.51e-07
mata_t,136,8e-08
data_t,10240,2.6e-07
mata_t,136,5e-08
data_t,10240,6e-08
mata_t,136,6e-08
data_t,10240,6e-08
wait_t,1,5.39e-06
wait_t,1,8.51e-07
wait_t,1,2.81e-07
wait_t,1,3.8e-07
mata_t,135,7e-08
data_t,10240,4.81e-07
mata_t,135,1e-07
data_t,10240,2.51e-07
mata_t,134,1.31e-07
data_t,10240,2.2e-07
mata_t,135,5e-08
data_t,10240,5e-08
wait_t,1,3.437e-06
wait_t,1,3.1e-07
wait_t,1,3.5e-07
wait_t,1,5.21e-07
mata_t,135,9.1e-08
data_t,10240,4.3e-07
mata_t,134,1.1e-07
data_t,10240,7e-08
mata_t,135,8e-08
data_t,10240,6e-08
mata_t,134,5e-08
data_t,10240,1.3e-07
wait_t,1,5.069e-06
wait_t,1,2.6e-07
wait_t,1,2.41e-07
wait_t,1,1.9e-07
mata_t,135,7e-08
data_t,10240,5.21e-07
mata_t,135,9e-08
data_t,10240,6e-08
mata_t,136,6e-08
data_t,10240,6e-08
mata_t,136,5e-08
data_t,10240,7.1e-08
wait_t,1,4.759e-06
wait_t,1,1.002e-06
wait_t,1,2.3e-07
wait_t,1,1.61e-07
mata_t,135,1.4e-07
data_t,10240,3.81e-07
mata_t,135,9e-08
data_t,10240,2.3e-07
mata_t,136,5.1e-08
data_t,10240,3.81e-07
mata_t,136,5e-08
data_t,10240,1.3e-07
wait_t,1,5.17e-06
wait_t,1,2.71e-07
wait_t,1,2.21e-07
wait_t,1,7.51e-07
mata_t,135,8e-08
data_t,10240,3.81e-07
mata_t,134,8e-08
data_t,10240,2.5e-07
mata_t,135,5e-08
data_t,10240,1.31e-07
mata_t,135,1.2e-07
data_t,10240,6e-08
wait_t,1,3.727e-06
wait_t,1,2.61e-07
wait_t,1,1.7e-07
wait_t,1,2.6e-07
mata_t,135,1e-07
data_t,10240,2e-07
mata_t,135,9e-08
data_t,10240,1.5e-07
mata_t,135,6e-08
data_t,10240,6e-08
mata_t,135,1.4e-07
data_t,10240,1.31e-07
wait_t,1,5.05e-06
wait_t,1,1.022e-06
wait_t,1,1.6e-07
wait_t,1,1.5e-07
mata_t,135,7e-08
data_t,10240,4.21e-07
mata_t,135,1.1e-07
data_t,10240,1.6e-07
mata_t,136,6e-08
data_t,10240,6e-08
mata_t,136,5e-08
data_t,10240,5e-08
wait_t,1,5.26e-06
wait_t,1,3.31e-07
wait_t,1,1.6e-07
wait_t,1,8.21e-07
mata_t,136,7e-08
data_t,10240,3.91e-07
mata_t,135,8e-08
data_t,10240,7e-08
mata_t,135,5e-08
data_t,10240,6e-08
mata_t,136,7e-08
data_t,10240,3.11e-07
wait_t,1,5.22e-06
wait_t,1,2.61e-07
wait_t,1,1.91e-07
wait_t,1,1.5e-07
mata_t,134,6e-08
data_t,10240,4.61e-07
mata_t,136,8e-08
data_t,10240,7e-08
mata_t,135,5.1e-08
data_t,10240,7e-08
mata_t,135,5e-08
data_t,10240,7e-08
wait_t,1,3.186e-06
wait_t,1,8.92e-07
wait_t,1,2.9e-07
wait_t,1,2.7e-07
mata_t,135,6e-08
data_t,10240,2.2e-07
mata_t,135,1e-07
data_t,10240,1.5e-07
mata_t,135,6e-08
data_t,10240,6e-08
mata_t,135,6e-08
data_t,10240,5e-08
wait_t,1,5.851e-06
wait_t,1,3.61e-07
wait_t,1,1.8e-07
wait_t,1,8.01e-07
mata_t,135,9e-08
data_t,10240,6.01e-07
mata_t,134,9e-08
data_t,10240,8e-08
mata_t,135,6.1e-08
data_t,10240,6.1e-08
mata_t,136,6e-08
data_t,10240,6e-08
wait_t,1,5.26e-06
wait_t,1,2.7e-07
wait_t,1,1.61e-07
wait_t,1,2.11e-07
mata_t,136,8e-08
data_t,10240,3.71e-07
mata_t,135,8e-08
data_t,10240,8e-08
mata_t,135,5e-08
data_t,10240,6e-08
mata_t,135,5e-08
data_t,10240,6e-08
wait_t,1,4.708e-06
wait_t,1,7.81e-07
wait_t,1,2e-07
wait_t,1,1.51e-07
mata_t,134,6e-08
data_t,10240,4.4e-07
mata_t,135,8.1e-08
data_t,10240,8e-08
mata_t,135,5e-08
data_t,10240,6e-08
mata_t,135,5e-08
data_t,10240,7.1e-08
wait_t,1,3.687e-06
wait_t,1,7.52e-07
wait_t,1,2.41e-07
wait_t,1,5.31e-07
mata_t,135,1.01e-07
data_t,10240,2.8e-07
mata_t,134,5e-08
data_t,10240,2.41e-07
mata_t,135,5.1e-08
data_t,10240,7e-08
mata_t,134,5e-08
data_t,10240,1.4e-07
wait_t,1,4.999e-06
wait_t,1,3.01e-07
wait_t,1,1.7e-07
wait_t,1,2.51e-07
mata_t,135,7e-08
data_t,10240,4.3e-07
mata_t,135,9e-08
data_t,10240,2.5e-07
mata_t,135,7e-08
data_t,10240,1.5e-07
mata_t,135,5e-08
data_t,10240,1.3e-07
wait_t,1,5.39e-06
wait_t,1,1.172e-06
wait_t,1,2.81e-07
wait_t,1,1.6e-07
mata_t,136,7.1e-08
data_t,10240,3.91e-07
mata_t,136,8e-08
data_t,10240,2.4e-07
mata_t,135,5e-08
data_t,10240,6e-08
mata_t,135,5e-08
data_t,10240,2.2e-07
wait_t,1,5.461e-06
wait_t,1,2.31e-07
wait_t,1,2.2e-07
wait_t,1,7.51e-07
mata_t,135,6e-08
data_t,10240,3.81e-07
mata_t,135,9e-08
data_t,10240,6e-08
mata_t,135,5e-08
data_t,10240,7e-08
mata_t,135,6.1e-08
data_t,10240,1.5e-07
wait_t,1,3.627e-06
wait_t,1,2.71e-07
wait_t,1,2.51e-07
wait_t,1,2.11e-07
mata_t,135,9e-08
data_t,10240,2.01e-07
mata_t,135,9e-08
data_t,10240,2.41e-07
mata_t,135,6e-08
data_t,10240,1.3e-07
mata_t,135,7e-08
data_t,10240,6e-08
wait_t,1,4.989e-06
wait_t,1,8.81e-07
wait_t,1,2.1e-07
wait_t,1,1.8e-07
mata_t,133,7e-08
data_t,10240,3.7e-07
mata_t,134,1.1e-07
data_t,10240,2.5e-07
mata_t,135,5e-08
data_t,10240,6e-08
mata_t,135,5e-08
data_t,10240,7e-08
wait_t,1,5.34e-06
wait_t,1,3.4e-07
wait_t,1,1.6e-07
wait_t,1,7.71e-07
mata_t,136,6e-08
data_t,10240,5.31e-07
mata_t,136,1.1e-07
data_t,10240,8.1e-08
mata_t,136,4e-08
data_t,10240,1.51e-07
mata_t,136,4e-08
data_t,10240,1.3e-07
wait_t,1,5.63e-06
wait_t,1,3.01e-07
wait_t,1,1.61e-07
wait_t,1,3.7e-07
mata_t,135,7e-08
data_t,10240,5.41e-07
mata_t,135,9.1e-08
data_t,10240,7.1e-08
mata_t,135,5e-08
data_t,10240,5.1e-08
mata_t,135,5e-08
data_t,10240,5e-08
wait_t,1,3.908e-06
wait_t,1,8.82e-07
wait_t,1,2.5e-07
wait_t,1,2.1e-07
mata_t,134,1e-07
data_t,10240,4.21e-07
mata_t,135,9e-08
data_t,10240,7e-08
mata_t,135,6e-08
data_t,10240,1.3e-07
mata_t,134,4.61e-07
data_t,10240,5e-08
wait_t,1,5.17e-06
wait_t,1,3.51e-07
wait_t,1,2.11e-07
wait_t,1,8.42e-07
mata_t,135,7e-08
data_t,10240,4.01e-07
mata_t,134,1.1e-07
data_t,10240,6e-08
mata_t,136,5e-08
data_t,10240,5e-08
mata_t,135,6e-08
data_t,10240,5e-08
wait_t,1,5.5e-06
wait_t,1,3.81e-07
wait_t,1,2.1e-07
wait_t,1,3.51e-07
mata_t,135,7e-08
data_t,10240,3.71e-07
mata_t,135,1e-07
data_t,10240,2.31e-07
mata_t,136,6e-08
data_t,10240,6e-08
mata_t,134,5e-08
data_t,10240,5e-08
wait_t,1,4.819e-06
wait_t,1,8.21e-07
wait_t,1,2.8e-07
wait_t,1,1.5e-07
mata_t,136,7e-08
data_t,10240,3.81e-07
mata_t,135,9e-08
data_t,10240,7e-08
mata_t,135,6e-08
data_t,10240,1.5e-07
mata_t,135,5e-08
data_t,10240,1.4e-07
wait_t,1,3.546e-06
wait_t,1,3e-07
wait_t,1,5.61e-07
wait_t,1,7.11e-07
mata_t,134,7e-08
data_t,10240,2.01e-07
mata_t,135,7e-08
data_t,10240,6e-08
mata_t,135,7e-08
data_t,10240,1.31e-07
mata_t,134,4e-08
data_t,10240,5e-08
wait_t,1,4.999e-06
wait_t,1,3.31e-07
wait_t,1,2.31e-07
wait_t,1,2.6e-07
mata_t,135,7.1e-08
data_t,10240,3.91e-07
mata_t,136,1.1e-07
data_t,10240,1.5e-07
mata_t,136,7e-08
data_t,10240,2.2e-07
mata_t,135,5e-08
data_t,10240,6e-08
wait_t,1,4.819e-06
wait_t,1,8.62e-07
wait_t,1,2.2e-07
wait_t,1,1.6e-07
mata_t,135,1.3e-07
data_t,10240,4.31e-07
mata_t,136,1e-07
data_t,10240,2.41e-07
mata_t,135,5e-08
data_t,10240,1.5e-07
mata_t,135,5e-08
data_t,10240,1.4e-07
wait_t,1,5.069e-06
wait_t,1,2.2e-07
wait_t,1,3.61e-07
wait_t,1,6.71e-07
mata_t,135,7e-08
data_t,10240,4.51e-07
mata_t,135,8.1e-08
data_t,10240,1.5e-07
mata_t,135,8e-08
data_t,10240,1.5e-07
mata_t,135,5e-08
data_t,10240,6e-08
wait_t,1,2.846e-06
wait_t,1,3.01e-07
wait_t,1,2.2e-07
wait_t,1,2e-07
mata_t,135,8e-08
data_t,10240,2.81e-07
mata_t,135,8e-08
data_t,10240,6e-08
mata_t,135,5e-08
data_t,10240,6e-08
mata_t,135,5e-08
data_t,10240,6e-08
wait_t,1,5.06e-06
wait_t,1,8.51e-07
wait_t,1,3.11e-07
wait_t,1,1.6e-07
mata_t,136,7e-08
data_t,10240,3.81e-07
mata_t,136,1.1e-07
data_t,10240,8.1e-08
mata_t,136,7e-08
data_t,10240,5e-08
mata_t,135,5e-08
data_t,10240,5e-08
wait_t,1,4.869e-06
wait_t,1,3.3e-07
wait_t,1,1.6e-07
wait_t,1,7.32e-07
mata_t,135,7e-08
data_t,10240,3.91e-07
mata_t,135,8e-08
data_t,10240,2.3e-07
mata_t,135,4e-08
data_t,10240,2.11e-07
mata_t,135,5e-08
data_t,10240,5e-08
wait_t,1,5.21e-06
wait_t,1,2.5e-07
wait_t,1,1.9e-07
wait_t,1,2.61e-07
mata_t,134,7e-08
data_t,10240,4.5e-07
mata_t,134,8e-08
data_t,10240,2.4e-07
mata_t,135,7e-08
data_t,10240,6e-08
mata_t,135,6e-08
data_t,10240,6e-08
wait_t,1,3.276e-06
wait_t,1,7.62e-07
wait_t,1,2.61e-07
wait_t,1,1.5e-07
mata_t,134,6.1e-08
data_t,10240,3.51e-07
mata_t,135,7e-08
data_t,10240,6e-08
mata_t,133,6e-08
data_t,10240,6.1e-08
mata_t,135,4e-08
data_t,10240,6e-08
wait_t,1,5.149e-06
wait_t,1,2.8e-07
wait_t,1,3e-07
wait_t,1,7.82e-07
mata_t,136,6e-08
data_t,10240,4.41e-07
mata_t,136,1e-07
data_t,10240,1.3e-07
mata_t,136,6e-08
data_t,10240,7.1e-08
mata_t,135,4e-08
data_t,10240,1.31e-07
wait_t,1,5.069e-06
